Copyright 1986-2022 Xilinx, Inc. All Rights Reserved.
---------------------------------------------------------------------------------------------------------------------------------------------------------------------------------------------------------------------------
| Tool Version : Vivado v.2022.2 (lin64) Build 3671981 Fri Oct 14 04:59:54 MDT 2022
| Date         : Sun Sep  6 14:31:02 2026
| Host         : zola-pc running 64-bit Manjaro Linux
| Command      : report_timing_summary -max_paths 10 -report_unconstrained -file mr_fft_top_timing_summary_routed.rpt -pb mr_fft_top_timing_summary_routed.pb -rpx mr_fft_top_timing_summary_routed.rpx -warn_on_violation
| Design       : mr_fft_top
| Device       : 7z020-clg400
| Speed File   : -1  PRODUCTION 1.12 2019-11-22
---------------------------------------------------------------------------------------------------------------------------------------------------------------------------------------------------------------------------

Timing Summary Report

------------------------------------------------------------------------------------------------
| Timer Settings
| --------------
------------------------------------------------------------------------------------------------

  Enable Multi Corner Analysis               :  Yes
  Enable Pessimism Removal                   :  Yes
  Pessimism Removal Resolution               :  Nearest Common Node
  Enable Input Delay Default Clock           :  No
  Enable Preset / Clear Arcs                 :  No
  Disable Flight Delays                      :  No
  Ignore I/O Paths                           :  No
  Timing Early Launch at Borrowing Latches   :  No
  Borrow Time for Max Delay Exceptions       :  Yes
  Merge Timing Exceptions                    :  Yes

  Corner  Analyze    Analyze    
  Name    Max Paths  Min Paths  
  ------  ---------  ---------  
  Slow    Yes        Yes        
  Fast    Yes        Yes        


------------------------------------------------------------------------------------------------
| Report Methodology
| ------------------
------------------------------------------------------------------------------------------------

Rule       Severity  Description                    Violations  
---------  --------  -----------------------------  ----------  
TIMING-18  Warning   Missing input or output delay  225         

Note: This report is based on the most recent report_methodology run and may not be up-to-date. Run report_methodology on the current design for the latest report.



check_timing report

Table of Contents
-----------------
1. checking no_clock (0)
2. checking constant_clock (0)
3. checking pulse_width_clock (0)
4. checking unconstrained_internal_endpoints (0)
5. checking no_input_delay (67)
6. checking no_output_delay (72)
7. checking multiple_clock (0)
8. checking generated_clocks (0)
9. checking loops (0)
10. checking partial_input_delay (0)
11. checking partial_output_delay (0)
12. checking latch_loops (0)

1. checking no_clock (0)
------------------------
 There are 0 register/latch pins with no clock.


2. checking constant_clock (0)
------------------------------
 There are 0 register/latch pins with constant_clock.


3. checking pulse_width_clock (0)
---------------------------------
 There are 0 register/latch pins which need pulse_width check


4. checking unconstrained_internal_endpoints (0)
------------------------------------------------
 There are 0 pins that are not constrained for maximum delay.

 There are 0 pins that are not constrained for maximum delay due to constant clock.


5. checking no_input_delay (67)
-------------------------------
 There are 67 input ports with no input delay specified. (HIGH)

 There are 0 input ports with no input delay but user has a false path constraint.


6. checking no_output_delay (72)
--------------------------------
 There are 72 ports with no output delay specified. (HIGH)

 There are 0 ports with no output delay but user has a false path constraint

 There are 0 ports with no output delay but with a timing clock defined on it or propagating through it


7. checking multiple_clock (0)
------------------------------
 There are 0 register/latch pins with multiple clocks.


8. checking generated_clocks (0)
--------------------------------
 There are 0 generated clocks that are not connected to a clock source.


9. checking loops (0)
---------------------
 There are 0 combinational loops in the design.


10. checking partial_input_delay (0)
------------------------------------
 There are 0 input ports with partial input delay specified.


11. checking partial_output_delay (0)
-------------------------------------
 There are 0 ports with partial output delay specified.


12. checking latch_loops (0)
----------------------------
 There are 0 combinational latch loops in the design through latch input



------------------------------------------------------------------------------------------------
| Design Timing Summary
| ---------------------
------------------------------------------------------------------------------------------------

    WNS(ns)      TNS(ns)  TNS Failing Endpoints  TNS Total Endpoints      WHS(ns)      THS(ns)  THS Failing Endpoints  THS Total Endpoints     WPWS(ns)     TPWS(ns)  TPWS Failing Endpoints  TPWS Total Endpoints  
    -------      -------  ---------------------  -------------------      -------      -------  ---------------------  -------------------     --------     --------  ----------------------  --------------------  
      0.043        0.000                      0                41417        0.038        0.000                      0                41417        2.550        0.000                       0                 15794  


All user specified timing constraints are met.


------------------------------------------------------------------------------------------------
| Clock Summary
| -------------
------------------------------------------------------------------------------------------------

Clock    Waveform(ns)         Period(ns)      Frequency(MHz)
-----    ------------         ----------      --------------
sys_clk  {0.000 3.800}        7.600           131.579         


------------------------------------------------------------------------------------------------
| Intra Clock Table
| -----------------
------------------------------------------------------------------------------------------------

Clock             WNS(ns)      TNS(ns)  TNS Failing Endpoints  TNS Total Endpoints      WHS(ns)      THS(ns)  THS Failing Endpoints  THS Total Endpoints     WPWS(ns)     TPWS(ns)  TPWS Failing Endpoints  TPWS Total Endpoints  
-----             -------      -------  ---------------------  -------------------      -------      -------  ---------------------  -------------------     --------     --------  ----------------------  --------------------  
sys_clk             0.043        0.000                      0                41417        0.038        0.000                      0                41417        2.550        0.000                       0                 15794  


------------------------------------------------------------------------------------------------
| Inter Clock Table
| -----------------
------------------------------------------------------------------------------------------------

From Clock    To Clock          WNS(ns)      TNS(ns)  TNS Failing Endpoints  TNS Total Endpoints      WHS(ns)      THS(ns)  THS Failing Endpoints  THS Total Endpoints  
----------    --------          -------      -------  ---------------------  -------------------      -------      -------  ---------------------  -------------------  


------------------------------------------------------------------------------------------------
| Other Path Groups Table
| -----------------------
------------------------------------------------------------------------------------------------

Path Group    From Clock    To Clock          WNS(ns)      TNS(ns)  TNS Failing Endpoints  TNS Total Endpoints      WHS(ns)      THS(ns)  THS Failing Endpoints  THS Total Endpoints  
----------    ----------    --------          -------      -------  ---------------------  -------------------      -------      -------  ---------------------  -------------------  


------------------------------------------------------------------------------------------------
| User Ignored Path Table
| -----------------------
------------------------------------------------------------------------------------------------

Path Group    From Clock    To Clock    
----------    ----------    --------    


------------------------------------------------------------------------------------------------
| Unconstrained Path Table
| ------------------------
------------------------------------------------------------------------------------------------

Path Group    From Clock    To Clock    
----------    ----------    --------    
(none)        sys_clk                     
(none)                      sys_clk       


------------------------------------------------------------------------------------------------
| Timing Details
| --------------
------------------------------------------------------------------------------------------------


---------------------------------------------------------------------------------------------------
From Clock:  sys_clk
  To Clock:  sys_clk

Setup :            0  Failing Endpoints,  Worst Slack        0.043ns,  Total Violation        0.000ns
Hold  :            0  Failing Endpoints,  Worst Slack        0.038ns,  Total Violation        0.000ns
PW    :            0  Failing Endpoints,  Worst Slack        2.550ns,  Total Violation        0.000ns
---------------------------------------------------------------------------------------------------


Max Delay Paths
--------------------------------------------------------------------------------------
Slack (MET) :             0.043ns  (required time - arrival time)
  Source:                 CHAIN_INST/GEN_SLOTS[8].GEN_STAGE_LUT_ROM.STAGE_INST/IN_PHASE_DELAY_GEN_INST/phase_cnt_reg[0]/C
                            (rising edge-triggered cell FDRE clocked by sys_clk  {rise@0.000ns fall@3.800ns period=7.600ns})
  Destination:            CHAIN_INST/GEN_SLOTS[8].GEN_STAGE_LUT_ROM.STAGE_INST/GEN_FIFOS[2].FIFO_INST/FIFO_INST/fifo_mem_reg_0_31_24_29/RAMA/WE
                            (rising edge-triggered cell RAMD32 clocked by sys_clk  {rise@0.000ns fall@3.800ns period=7.600ns})
  Path Group:             sys_clk
  Path Type:              Setup (Max at Slow Process Corner)
  Requirement:            7.600ns  (sys_clk rise@7.600ns - sys_clk rise@0.000ns)
  Data Path Delay:        6.945ns  (logic 1.434ns (20.647%)  route 5.511ns (79.353%))
  Logic Levels:           6  (LUT3=2 LUT4=1 LUT6=3)
  Clock Path Skew:        -0.049ns (DCD - SCD + CPR)
    Destination Clock Delay (DCD):    0.924ns = ( 8.524 - 7.600 ) 
    Source Clock Delay      (SCD):    0.973ns
    Clock Pessimism Removal (CPR):    0.000ns
  Clock Uncertainty:      0.035ns  ((TSJ^2 + TIJ^2)^1/2 + DJ) / 2 + PE
    Total System Jitter     (TSJ):    0.071ns
    Total Input Jitter      (TIJ):    0.000ns
    Discrete Jitter          (DJ):    0.000ns
    Phase Error              (PE):    0.000ns

    Location             Delay type                Incr(ns)  Path(ns)    Netlist Resource(s)
  -------------------------------------------------------------------    -------------------
                         (clock sys_clk rise edge)    0.000     0.000 r  
                                                      0.000     0.000 r  i_clk (IN)
                         net (fo=15793, unset)        0.973     0.973    CHAIN_INST/GEN_SLOTS[8].GEN_STAGE_LUT_ROM.STAGE_INST/IN_PHASE_DELAY_GEN_INST/i_clk
    SLICE_X64Y38         FDRE                                         r  CHAIN_INST/GEN_SLOTS[8].GEN_STAGE_LUT_ROM.STAGE_INST/IN_PHASE_DELAY_GEN_INST/phase_cnt_reg[0]/C
  -------------------------------------------------------------------    -------------------
    SLICE_X64Y38         FDRE (Prop_fdre_C_Q)         0.456     1.429 r  CHAIN_INST/GEN_SLOTS[8].GEN_STAGE_LUT_ROM.STAGE_INST/IN_PHASE_DELAY_GEN_INST/phase_cnt_reg[0]/Q
                         net (fo=302, routed)         1.099     2.528    CHAIN_INST/GEN_SLOTS[8].GEN_STAGE_LUT_ROM.STAGE_INST/IN_PHASE_DELAY_GEN_INST/phase[0]
    SLICE_X65Y38         LUT6 (Prop_lut6_I3_O)        0.124     2.652 r  CHAIN_INST/GEN_SLOTS[8].GEN_STAGE_LUT_ROM.STAGE_INST/IN_PHASE_DELAY_GEN_INST/GEN_FLOW_CAP12.GEN_PIPE_VALID.pipe_valid[1]_i_2/O
                         net (fo=19, routed)          0.504     3.156    CHAIN_INST/GEN_SLOTS[8].GEN_STAGE_LUT_ROM.STAGE_INST/IN_PHASE_DELAY_GEN_INST/in_last
    SLICE_X65Y36         LUT3 (Prop_lut3_I2_O)        0.124     3.280 f  CHAIN_INST/GEN_SLOTS[8].GEN_STAGE_LUT_ROM.STAGE_INST/IN_PHASE_DELAY_GEN_INST/delay_cnt[4]_i_5/O
                         net (fo=2, routed)           0.819     4.099    CHAIN_INST/GEN_SLOTS[8].GEN_STAGE_LUT_ROM.STAGE_INST/IN_PHASE_DELAY_GEN_INST/delay_cnt[4]_i_5_n_0
    SLICE_X65Y35         LUT6 (Prop_lut6_I1_O)        0.124     4.223 f  CHAIN_INST/GEN_SLOTS[8].GEN_STAGE_LUT_ROM.STAGE_INST/IN_PHASE_DELAY_GEN_INST/delay_cnt[4]_i_2/O
                         net (fo=23, routed)          0.772     4.995    CHAIN_INST/GEN_SLOTS[8].GEN_STAGE_LUT_ROM.STAGE_INST/IN_PHASE_DELAY_GEN_INST/core_beat
    SLICE_X68Y34         LUT4 (Prop_lut4_I1_O)        0.124     5.119 f  CHAIN_INST/GEN_SLOTS[8].GEN_STAGE_LUT_ROM.STAGE_INST/IN_PHASE_DELAY_GEN_INST/mid[35]_i_4__1/O
                         net (fo=9, routed)           0.800     5.919    CHAIN_INST/GEN_SLOTS[8].GEN_STAGE_LUT_ROM.STAGE_INST/GEN_FIFOS[2].FIFO_INST/FIFO_INST/head_reg[0]_1
    SLICE_X68Y39         LUT3 (Prop_lut3_I2_O)        0.150     6.069 r  CHAIN_INST/GEN_SLOTS[8].GEN_STAGE_LUT_ROM.STAGE_INST/GEN_FIFOS[2].FIFO_INST/FIFO_INST/wr_ptr[4]_i_3__1/O
                         net (fo=1, routed)           0.451     6.520    CHAIN_INST/GEN_SLOTS[8].GEN_STAGE_LUT_ROM.STAGE_INST/GEN_FIFOS[2].FIFO_INST/FIFO_INST/wr_ptr[4]_i_3__1_n_0
    SLICE_X67Y39         LUT6 (Prop_lut6_I0_O)        0.332     6.852 r  CHAIN_INST/GEN_SLOTS[8].GEN_STAGE_LUT_ROM.STAGE_INST/GEN_FIFOS[2].FIFO_INST/FIFO_INST/wr_ptr[4]_i_1__1/O
                         net (fo=53, routed)          1.066     7.918    CHAIN_INST/GEN_SLOTS[8].GEN_STAGE_LUT_ROM.STAGE_INST/GEN_FIFOS[2].FIFO_INST/FIFO_INST/fifo_mem_reg_0_31_24_29/WE
    SLICE_X82Y37         RAMD32                                       r  CHAIN_INST/GEN_SLOTS[8].GEN_STAGE_LUT_ROM.STAGE_INST/GEN_FIFOS[2].FIFO_INST/FIFO_INST/fifo_mem_reg_0_31_24_29/RAMA/WE
  -------------------------------------------------------------------    -------------------

                         (clock sys_clk rise edge)    7.600     7.600 r  
                                                      0.000     7.600 r  i_clk (IN)
                         net (fo=15793, unset)        0.924     8.524    CHAIN_INST/GEN_SLOTS[8].GEN_STAGE_LUT_ROM.STAGE_INST/GEN_FIFOS[2].FIFO_INST/FIFO_INST/fifo_mem_reg_0_31_24_29/WCLK
    SLICE_X82Y37         RAMD32                                       r  CHAIN_INST/GEN_SLOTS[8].GEN_STAGE_LUT_ROM.STAGE_INST/GEN_FIFOS[2].FIFO_INST/FIFO_INST/fifo_mem_reg_0_31_24_29/RAMA/CLK
                         clock pessimism              0.000     8.524    
                         clock uncertainty           -0.035     8.489    
    SLICE_X82Y37         RAMD32 (Setup_ramd32_CLK_WE)
                                                     -0.528     7.961    CHAIN_INST/GEN_SLOTS[8].GEN_STAGE_LUT_ROM.STAGE_INST/GEN_FIFOS[2].FIFO_INST/FIFO_INST/fifo_mem_reg_0_31_24_29/RAMA
  -------------------------------------------------------------------
                         required time                          7.961    
                         arrival time                          -7.918    
  -------------------------------------------------------------------
                         slack                                  0.043    

Slack (MET) :             0.043ns  (required time - arrival time)
  Source:                 CHAIN_INST/GEN_SLOTS[8].GEN_STAGE_LUT_ROM.STAGE_INST/IN_PHASE_DELAY_GEN_INST/phase_cnt_reg[0]/C
                            (rising edge-triggered cell FDRE clocked by sys_clk  {rise@0.000ns fall@3.800ns period=7.600ns})
  Destination:            CHAIN_INST/GEN_SLOTS[8].GEN_STAGE_LUT_ROM.STAGE_INST/GEN_FIFOS[2].FIFO_INST/FIFO_INST/fifo_mem_reg_0_31_24_29/RAMA_D1/WE
                            (rising edge-triggered cell RAMD32 clocked by sys_clk  {rise@0.000ns fall@3.800ns period=7.600ns})
  Path Group:             sys_clk
  Path Type:              Setup (Max at Slow Process Corner)
  Requirement:            7.600ns  (sys_clk rise@7.600ns - sys_clk rise@0.000ns)
  Data Path Delay:        6.945ns  (logic 1.434ns (20.647%)  route 5.511ns (79.353%))
  Logic Levels:           6  (LUT3=2 LUT4=1 LUT6=3)
  Clock Path Skew:        -0.049ns (DCD - SCD + CPR)
    Destination Clock Delay (DCD):    0.924ns = ( 8.524 - 7.600 ) 
    Source Clock Delay      (SCD):    0.973ns
    Clock Pessimism Removal (CPR):    0.000ns
  Clock Uncertainty:      0.035ns  ((TSJ^2 + TIJ^2)^1/2 + DJ) / 2 + PE
    Total System Jitter     (TSJ):    0.071ns
    Total Input Jitter      (TIJ):    0.000ns
    Discrete Jitter          (DJ):    0.000ns
    Phase Error              (PE):    0.000ns

    Location             Delay type                Incr(ns)  Path(ns)    Netlist Resource(s)
  -------------------------------------------------------------------    -------------------
                         (clock sys_clk rise edge)    0.000     0.000 r  
                                                      0.000     0.000 r  i_clk (IN)
                         net (fo=15793, unset)        0.973     0.973    CHAIN_INST/GEN_SLOTS[8].GEN_STAGE_LUT_ROM.STAGE_INST/IN_PHASE_DELAY_GEN_INST/i_clk
    SLICE_X64Y38         FDRE                                         r  CHAIN_INST/GEN_SLOTS[8].GEN_STAGE_LUT_ROM.STAGE_INST/IN_PHASE_DELAY_GEN_INST/phase_cnt_reg[0]/C
  -------------------------------------------------------------------    -------------------
    SLICE_X64Y38         FDRE (Prop_fdre_C_Q)         0.456     1.429 r  CHAIN_INST/GEN_SLOTS[8].GEN_STAGE_LUT_ROM.STAGE_INST/IN_PHASE_DELAY_GEN_INST/phase_cnt_reg[0]/Q
                         net (fo=302, routed)         1.099     2.528    CHAIN_INST/GEN_SLOTS[8].GEN_STAGE_LUT_ROM.STAGE_INST/IN_PHASE_DELAY_GEN_INST/phase[0]
    SLICE_X65Y38         LUT6 (Prop_lut6_I3_O)        0.124     2.652 r  CHAIN_INST/GEN_SLOTS[8].GEN_STAGE_LUT_ROM.STAGE_INST/IN_PHASE_DELAY_GEN_INST/GEN_FLOW_CAP12.GEN_PIPE_VALID.pipe_valid[1]_i_2/O
                         net (fo=19, routed)          0.504     3.156    CHAIN_INST/GEN_SLOTS[8].GEN_STAGE_LUT_ROM.STAGE_INST/IN_PHASE_DELAY_GEN_INST/in_last
    SLICE_X65Y36         LUT3 (Prop_lut3_I2_O)        0.124     3.280 f  CHAIN_INST/GEN_SLOTS[8].GEN_STAGE_LUT_ROM.STAGE_INST/IN_PHASE_DELAY_GEN_INST/delay_cnt[4]_i_5/O
                         net (fo=2, routed)           0.819     4.099    CHAIN_INST/GEN_SLOTS[8].GEN_STAGE_LUT_ROM.STAGE_INST/IN_PHASE_DELAY_GEN_INST/delay_cnt[4]_i_5_n_0
    SLICE_X65Y35         LUT6 (Prop_lut6_I1_O)        0.124     4.223 f  CHAIN_INST/GEN_SLOTS[8].GEN_STAGE_LUT_ROM.STAGE_INST/IN_PHASE_DELAY_GEN_INST/delay_cnt[4]_i_2/O
                         net (fo=23, routed)          0.772     4.995    CHAIN_INST/GEN_SLOTS[8].GEN_STAGE_LUT_ROM.STAGE_INST/IN_PHASE_DELAY_GEN_INST/core_beat
    SLICE_X68Y34         LUT4 (Prop_lut4_I1_O)        0.124     5.119 f  CHAIN_INST/GEN_SLOTS[8].GEN_STAGE_LUT_ROM.STAGE_INST/IN_PHASE_DELAY_GEN_INST/mid[35]_i_4__1/O
                         net (fo=9, routed)           0.800     5.919    CHAIN_INST/GEN_SLOTS[8].GEN_STAGE_LUT_ROM.STAGE_INST/GEN_FIFOS[2].FIFO_INST/FIFO_INST/head_reg[0]_1
    SLICE_X68Y39         LUT3 (Prop_lut3_I2_O)        0.150     6.069 r  CHAIN_INST/GEN_SLOTS[8].GEN_STAGE_LUT_ROM.STAGE_INST/GEN_FIFOS[2].FIFO_INST/FIFO_INST/wr_ptr[4]_i_3__1/O
                         net (fo=1, routed)           0.451     6.520    CHAIN_INST/GEN_SLOTS[8].GEN_STAGE_LUT_ROM.STAGE_INST/GEN_FIFOS[2].FIFO_INST/FIFO_INST/wr_ptr[4]_i_3__1_n_0
    SLICE_X67Y39         LUT6 (Prop_lut6_I0_O)        0.332     6.852 r  CHAIN_INST/GEN_SLOTS[8].GEN_STAGE_LUT_ROM.STAGE_INST/GEN_FIFOS[2].FIFO_INST/FIFO_INST/wr_ptr[4]_i_1__1/O
                         net (fo=53, routed)          1.066     7.918    CHAIN_INST/GEN_SLOTS[8].GEN_STAGE_LUT_ROM.STAGE_INST/GEN_FIFOS[2].FIFO_INST/FIFO_INST/fifo_mem_reg_0_31_24_29/WE
    SLICE_X82Y37         RAMD32                                       r  CHAIN_INST/GEN_SLOTS[8].GEN_STAGE_LUT_ROM.STAGE_INST/GEN_FIFOS[2].FIFO_INST/FIFO_INST/fifo_mem_reg_0_31_24_29/RAMA_D1/WE
  -------------------------------------------------------------------    -------------------

                         (clock sys_clk rise edge)    7.600     7.600 r  
                                                      0.000     7.600 r  i_clk (IN)
                         net (fo=15793, unset)        0.924     8.524    CHAIN_INST/GEN_SLOTS[8].GEN_STAGE_LUT_ROM.STAGE_INST/GEN_FIFOS[2].FIFO_INST/FIFO_INST/fifo_mem_reg_0_31_24_29/WCLK
    SLICE_X82Y37         RAMD32                                       r  CHAIN_INST/GEN_SLOTS[8].GEN_STAGE_LUT_ROM.STAGE_INST/GEN_FIFOS[2].FIFO_INST/FIFO_INST/fifo_mem_reg_0_31_24_29/RAMA_D1/CLK
                         clock pessimism              0.000     8.524    
                         clock uncertainty           -0.035     8.489    
    SLICE_X82Y37         RAMD32 (Setup_ramd32_CLK_WE)
                                                     -0.528     7.961    CHAIN_INST/GEN_SLOTS[8].GEN_STAGE_LUT_ROM.STAGE_INST/GEN_FIFOS[2].FIFO_INST/FIFO_INST/fifo_mem_reg_0_31_24_29/RAMA_D1
  -------------------------------------------------------------------
                         required time                          7.961    
                         arrival time                          -7.918    
  -------------------------------------------------------------------
                         slack                                  0.043    

Slack (MET) :             0.043ns  (required time - arrival time)
  Source:                 CHAIN_INST/GEN_SLOTS[8].GEN_STAGE_LUT_ROM.STAGE_INST/IN_PHASE_DELAY_GEN_INST/phase_cnt_reg[0]/C
                            (rising edge-triggered cell FDRE clocked by sys_clk  {rise@0.000ns fall@3.800ns period=7.600ns})
  Destination:            CHAIN_INST/GEN_SLOTS[8].GEN_STAGE_LUT_ROM.STAGE_INST/GEN_FIFOS[2].FIFO_INST/FIFO_INST/fifo_mem_reg_0_31_24_29/RAMB/WE
                            (rising edge-triggered cell RAMD32 clocked by sys_clk  {rise@0.000ns fall@3.800ns period=7.600ns})
  Path Group:             sys_clk
  Path Type:              Setup (Max at Slow Process Corner)
  Requirement:            7.600ns  (sys_clk rise@7.600ns - sys_clk rise@0.000ns)
  Data Path Delay:        6.945ns  (logic 1.434ns (20.647%)  route 5.511ns (79.353%))
  Logic Levels:           6  (LUT3=2 LUT4=1 LUT6=3)
  Clock Path Skew:        -0.049ns (DCD - SCD + CPR)
    Destination Clock Delay (DCD):    0.924ns = ( 8.524 - 7.600 ) 
    Source Clock Delay      (SCD):    0.973ns
    Clock Pessimism Removal (CPR):    0.000ns
  Clock Uncertainty:      0.035ns  ((TSJ^2 + TIJ^2)^1/2 + DJ) / 2 + PE
    Total System Jitter     (TSJ):    0.071ns
    Total Input Jitter      (TIJ):    0.000ns
    Discrete Jitter          (DJ):    0.000ns
    Phase Error              (PE):    0.000ns

    Location             Delay type                Incr(ns)  Path(ns)    Netlist Resource(s)
  -------------------------------------------------------------------    -------------------
                         (clock sys_clk rise edge)    0.000     0.000 r  
                                                      0.000     0.000 r  i_clk (IN)
                         net (fo=15793, unset)        0.973     0.973    CHAIN_INST/GEN_SLOTS[8].GEN_STAGE_LUT_ROM.STAGE_INST/IN_PHASE_DELAY_GEN_INST/i_clk
    SLICE_X64Y38         FDRE                                         r  CHAIN_INST/GEN_SLOTS[8].GEN_STAGE_LUT_ROM.STAGE_INST/IN_PHASE_DELAY_GEN_INST/phase_cnt_reg[0]/C
  -------------------------------------------------------------------    -------------------
    SLICE_X64Y38         FDRE (Prop_fdre_C_Q)         0.456     1.429 r  CHAIN_INST/GEN_SLOTS[8].GEN_STAGE_LUT_ROM.STAGE_INST/IN_PHASE_DELAY_GEN_INST/phase_cnt_reg[0]/Q
                         net (fo=302, routed)         1.099     2.528    CHAIN_INST/GEN_SLOTS[8].GEN_STAGE_LUT_ROM.STAGE_INST/IN_PHASE_DELAY_GEN_INST/phase[0]
    SLICE_X65Y38         LUT6 (Prop_lut6_I3_O)        0.124     2.652 r  CHAIN_INST/GEN_SLOTS[8].GEN_STAGE_LUT_ROM.STAGE_INST/IN_PHASE_DELAY_GEN_INST/GEN_FLOW_CAP12.GEN_PIPE_VALID.pipe_valid[1]_i_2/O
                         net (fo=19, routed)          0.504     3.156    CHAIN_INST/GEN_SLOTS[8].GEN_STAGE_LUT_ROM.STAGE_INST/IN_PHASE_DELAY_GEN_INST/in_last
    SLICE_X65Y36         LUT3 (Prop_lut3_I2_O)        0.124     3.280 f  CHAIN_INST/GEN_SLOTS[8].GEN_STAGE_LUT_ROM.STAGE_INST/IN_PHASE_DELAY_GEN_INST/delay_cnt[4]_i_5/O
                         net (fo=2, routed)           0.819     4.099    CHAIN_INST/GEN_SLOTS[8].GEN_STAGE_LUT_ROM.STAGE_INST/IN_PHASE_DELAY_GEN_INST/delay_cnt[4]_i_5_n_0
    SLICE_X65Y35         LUT6 (Prop_lut6_I1_O)        0.124     4.223 f  CHAIN_INST/GEN_SLOTS[8].GEN_STAGE_LUT_ROM.STAGE_INST/IN_PHASE_DELAY_GEN_INST/delay_cnt[4]_i_2/O
                         net (fo=23, routed)          0.772     4.995    CHAIN_INST/GEN_SLOTS[8].GEN_STAGE_LUT_ROM.STAGE_INST/IN_PHASE_DELAY_GEN_INST/core_beat
    SLICE_X68Y34         LUT4 (Prop_lut4_I1_O)        0.124     5.119 f  CHAIN_INST/GEN_SLOTS[8].GEN_STAGE_LUT_ROM.STAGE_INST/IN_PHASE_DELAY_GEN_INST/mid[35]_i_4__1/O
                         net (fo=9, routed)           0.800     5.919    CHAIN_INST/GEN_SLOTS[8].GEN_STAGE_LUT_ROM.STAGE_INST/GEN_FIFOS[2].FIFO_INST/FIFO_INST/head_reg[0]_1
    SLICE_X68Y39         LUT3 (Prop_lut3_I2_O)        0.150     6.069 r  CHAIN_INST/GEN_SLOTS[8].GEN_STAGE_LUT_ROM.STAGE_INST/GEN_FIFOS[2].FIFO_INST/FIFO_INST/wr_ptr[4]_i_3__1/O
                         net (fo=1, routed)           0.451     6.520    CHAIN_INST/GEN_SLOTS[8].GEN_STAGE_LUT_ROM.STAGE_INST/GEN_FIFOS[2].FIFO_INST/FIFO_INST/wr_ptr[4]_i_3__1_n_0
    SLICE_X67Y39         LUT6 (Prop_lut6_I0_O)        0.332     6.852 r  CHAIN_INST/GEN_SLOTS[8].GEN_STAGE_LUT_ROM.STAGE_INST/GEN_FIFOS[2].FIFO_INST/FIFO_INST/wr_ptr[4]_i_1__1/O
                         net (fo=53, routed)          1.066     7.918    CHAIN_INST/GEN_SLOTS[8].GEN_STAGE_LUT_ROM.STAGE_INST/GEN_FIFOS[2].FIFO_INST/FIFO_INST/fifo_mem_reg_0_31_24_29/WE
    SLICE_X82Y37         RAMD32                                       r  CHAIN_INST/GEN_SLOTS[8].GEN_STAGE_LUT_ROM.STAGE_INST/GEN_FIFOS[2].FIFO_INST/FIFO_INST/fifo_mem_reg_0_31_24_29/RAMB/WE
  -------------------------------------------------------------------    -------------------

                         (clock sys_clk rise edge)    7.600     7.600 r  
                                                      0.000     7.600 r  i_clk (IN)
                         net (fo=15793, unset)        0.924     8.524    CHAIN_INST/GEN_SLOTS[8].GEN_STAGE_LUT_ROM.STAGE_INST/GEN_FIFOS[2].FIFO_INST/FIFO_INST/fifo_mem_reg_0_31_24_29/WCLK
    SLICE_X82Y37         RAMD32                                       r  CHAIN_INST/GEN_SLOTS[8].GEN_STAGE_LUT_ROM.STAGE_INST/GEN_FIFOS[2].FIFO_INST/FIFO_INST/fifo_mem_reg_0_31_24_29/RAMB/CLK
                         clock pessimism              0.000     8.524    
                         clock uncertainty           -0.035     8.489    
    SLICE_X82Y37         RAMD32 (Setup_ramd32_CLK_WE)
                                                     -0.528     7.961    CHAIN_INST/GEN_SLOTS[8].GEN_STAGE_LUT_ROM.STAGE_INST/GEN_FIFOS[2].FIFO_INST/FIFO_INST/fifo_mem_reg_0_31_24_29/RAMB
  -------------------------------------------------------------------
                         required time                          7.961    
                         arrival time                          -7.918    
  -------------------------------------------------------------------
                         slack                                  0.043    

Slack (MET) :             0.043ns  (required time - arrival time)
  Source:                 CHAIN_INST/GEN_SLOTS[8].GEN_STAGE_LUT_ROM.STAGE_INST/IN_PHASE_DELAY_GEN_INST/phase_cnt_reg[0]/C
                            (rising edge-triggered cell FDRE clocked by sys_clk  {rise@0.000ns fall@3.800ns period=7.600ns})
  Destination:            CHAIN_INST/GEN_SLOTS[8].GEN_STAGE_LUT_ROM.STAGE_INST/GEN_FIFOS[2].FIFO_INST/FIFO_INST/fifo_mem_reg_0_31_24_29/RAMB_D1/WE
                            (rising edge-triggered cell RAMD32 clocked by sys_clk  {rise@0.000ns fall@3.800ns period=7.600ns})
  Path Group:             sys_clk
  Path Type:              Setup (Max at Slow Process Corner)
  Requirement:            7.600ns  (sys_clk rise@7.600ns - sys_clk rise@0.000ns)
  Data Path Delay:        6.945ns  (logic 1.434ns (20.647%)  route 5.511ns (79.353%))
  Logic Levels:           6  (LUT3=2 LUT4=1 LUT6=3)
  Clock Path Skew:        -0.049ns (DCD - SCD + CPR)
    Destination Clock Delay (DCD):    0.924ns = ( 8.524 - 7.600 ) 
    Source Clock Delay      (SCD):    0.973ns
    Clock Pessimism Removal (CPR):    0.000ns
  Clock Uncertainty:      0.035ns  ((TSJ^2 + TIJ^2)^1/2 + DJ) / 2 + PE
    Total System Jitter     (TSJ):    0.071ns
    Total Input Jitter      (TIJ):    0.000ns
    Discrete Jitter          (DJ):    0.000ns
    Phase Error              (PE):    0.000ns

    Location             Delay type                Incr(ns)  Path(ns)    Netlist Resource(s)
  -------------------------------------------------------------------    -------------------
                         (clock sys_clk rise edge)    0.000     0.000 r  
                                                      0.000     0.000 r  i_clk (IN)
                         net (fo=15793, unset)        0.973     0.973    CHAIN_INST/GEN_SLOTS[8].GEN_STAGE_LUT_ROM.STAGE_INST/IN_PHASE_DELAY_GEN_INST/i_clk
    SLICE_X64Y38         FDRE                                         r  CHAIN_INST/GEN_SLOTS[8].GEN_STAGE_LUT_ROM.STAGE_INST/IN_PHASE_DELAY_GEN_INST/phase_cnt_reg[0]/C
  -------------------------------------------------------------------    -------------------
    SLICE_X64Y38         FDRE (Prop_fdre_C_Q)         0.456     1.429 r  CHAIN_INST/GEN_SLOTS[8].GEN_STAGE_LUT_ROM.STAGE_INST/IN_PHASE_DELAY_GEN_INST/phase_cnt_reg[0]/Q
                         net (fo=302, routed)         1.099     2.528    CHAIN_INST/GEN_SLOTS[8].GEN_STAGE_LUT_ROM.STAGE_INST/IN_PHASE_DELAY_GEN_INST/phase[0]
    SLICE_X65Y38         LUT6 (Prop_lut6_I3_O)        0.124     2.652 r  CHAIN_INST/GEN_SLOTS[8].GEN_STAGE_LUT_ROM.STAGE_INST/IN_PHASE_DELAY_GEN_INST/GEN_FLOW_CAP12.GEN_PIPE_VALID.pipe_valid[1]_i_2/O
                         net (fo=19, routed)          0.504     3.156    CHAIN_INST/GEN_SLOTS[8].GEN_STAGE_LUT_ROM.STAGE_INST/IN_PHASE_DELAY_GEN_INST/in_last
    SLICE_X65Y36         LUT3 (Prop_lut3_I2_O)        0.124     3.280 f  CHAIN_INST/GEN_SLOTS[8].GEN_STAGE_LUT_ROM.STAGE_INST/IN_PHASE_DELAY_GEN_INST/delay_cnt[4]_i_5/O
                         net (fo=2, routed)           0.819     4.099    CHAIN_INST/GEN_SLOTS[8].GEN_STAGE_LUT_ROM.STAGE_INST/IN_PHASE_DELAY_GEN_INST/delay_cnt[4]_i_5_n_0
    SLICE_X65Y35         LUT6 (Prop_lut6_I1_O)        0.124     4.223 f  CHAIN_INST/GEN_SLOTS[8].GEN_STAGE_LUT_ROM.STAGE_INST/IN_PHASE_DELAY_GEN_INST/delay_cnt[4]_i_2/O
                         net (fo=23, routed)          0.772     4.995    CHAIN_INST/GEN_SLOTS[8].GEN_STAGE_LUT_ROM.STAGE_INST/IN_PHASE_DELAY_GEN_INST/core_beat
    SLICE_X68Y34         LUT4 (Prop_lut4_I1_O)        0.124     5.119 f  CHAIN_INST/GEN_SLOTS[8].GEN_STAGE_LUT_ROM.STAGE_INST/IN_PHASE_DELAY_GEN_INST/mid[35]_i_4__1/O
                         net (fo=9, routed)           0.800     5.919    CHAIN_INST/GEN_SLOTS[8].GEN_STAGE_LUT_ROM.STAGE_INST/GEN_FIFOS[2].FIFO_INST/FIFO_INST/head_reg[0]_1
    SLICE_X68Y39         LUT3 (Prop_lut3_I2_O)        0.150     6.069 r  CHAIN_INST/GEN_SLOTS[8].GEN_STAGE_LUT_ROM.STAGE_INST/GEN_FIFOS[2].FIFO_INST/FIFO_INST/wr_ptr[4]_i_3__1/O
                         net (fo=1, routed)           0.451     6.520    CHAIN_INST/GEN_SLOTS[8].GEN_STAGE_LUT_ROM.STAGE_INST/GEN_FIFOS[2].FIFO_INST/FIFO_INST/wr_ptr[4]_i_3__1_n_0
    SLICE_X67Y39         LUT6 (Prop_lut6_I0_O)        0.332     6.852 r  CHAIN_INST/GEN_SLOTS[8].GEN_STAGE_LUT_ROM.STAGE_INST/GEN_FIFOS[2].FIFO_INST/FIFO_INST/wr_ptr[4]_i_1__1/O
                         net (fo=53, routed)          1.066     7.918    CHAIN_INST/GEN_SLOTS[8].GEN_STAGE_LUT_ROM.STAGE_INST/GEN_FIFOS[2].FIFO_INST/FIFO_INST/fifo_mem_reg_0_31_24_29/WE
    SLICE_X82Y37         RAMD32                                       r  CHAIN_INST/GEN_SLOTS[8].GEN_STAGE_LUT_ROM.STAGE_INST/GEN_FIFOS[2].FIFO_INST/FIFO_INST/fifo_mem_reg_0_31_24_29/RAMB_D1/WE
  -------------------------------------------------------------------    -------------------

                         (clock sys_clk rise edge)    7.600     7.600 r  
                                                      0.000     7.600 r  i_clk (IN)
                         net (fo=15793, unset)        0.924     8.524    CHAIN_INST/GEN_SLOTS[8].GEN_STAGE_LUT_ROM.STAGE_INST/GEN_FIFOS[2].FIFO_INST/FIFO_INST/fifo_mem_reg_0_31_24_29/WCLK
    SLICE_X82Y37         RAMD32                                       r  CHAIN_INST/GEN_SLOTS[8].GEN_STAGE_LUT_ROM.STAGE_INST/GEN_FIFOS[2].FIFO_INST/FIFO_INST/fifo_mem_reg_0_31_24_29/RAMB_D1/CLK
                         clock pessimism              0.000     8.524    
                         clock uncertainty           -0.035     8.489    
    SLICE_X82Y37         RAMD32 (Setup_ramd32_CLK_WE)
                                                     -0.528     7.961    CHAIN_INST/GEN_SLOTS[8].GEN_STAGE_LUT_ROM.STAGE_INST/GEN_FIFOS[2].FIFO_INST/FIFO_INST/fifo_mem_reg_0_31_24_29/RAMB_D1
  -------------------------------------------------------------------
                         required time                          7.961    
                         arrival time                          -7.918    
  -------------------------------------------------------------------
                         slack                                  0.043    

Slack (MET) :             0.043ns  (required time - arrival time)
  Source:                 CHAIN_INST/GEN_SLOTS[8].GEN_STAGE_LUT_ROM.STAGE_INST/IN_PHASE_DELAY_GEN_INST/phase_cnt_reg[0]/C
                            (rising edge-triggered cell FDRE clocked by sys_clk  {rise@0.000ns fall@3.800ns period=7.600ns})
  Destination:            CHAIN_INST/GEN_SLOTS[8].GEN_STAGE_LUT_ROM.STAGE_INST/GEN_FIFOS[2].FIFO_INST/FIFO_INST/fifo_mem_reg_0_31_24_29/RAMC/WE
                            (rising edge-triggered cell RAMD32 clocked by sys_clk  {rise@0.000ns fall@3.800ns period=7.600ns})
  Path Group:             sys_clk
  Path Type:              Setup (Max at Slow Process Corner)
  Requirement:            7.600ns  (sys_clk rise@7.600ns - sys_clk rise@0.000ns)
  Data Path Delay:        6.945ns  (logic 1.434ns (20.647%)  route 5.511ns (79.353%))
  Logic Levels:           6  (LUT3=2 LUT4=1 LUT6=3)
  Clock Path Skew:        -0.049ns (DCD - SCD + CPR)
    Destination Clock Delay (DCD):    0.924ns = ( 8.524 - 7.600 ) 
    Source Clock Delay      (SCD):    0.973ns
    Clock Pessimism Removal (CPR):    0.000ns
  Clock Uncertainty:      0.035ns  ((TSJ^2 + TIJ^2)^1/2 + DJ) / 2 + PE
    Total System Jitter     (TSJ):    0.071ns
    Total Input Jitter      (TIJ):    0.000ns
    Discrete Jitter          (DJ):    0.000ns
    Phase Error              (PE):    0.000ns

    Location             Delay type                Incr(ns)  Path(ns)    Netlist Resource(s)
  -------------------------------------------------------------------    -------------------
                         (clock sys_clk rise edge)    0.000     0.000 r  
                                                      0.000     0.000 r  i_clk (IN)
                         net (fo=15793, unset)        0.973     0.973    CHAIN_INST/GEN_SLOTS[8].GEN_STAGE_LUT_ROM.STAGE_INST/IN_PHASE_DELAY_GEN_INST/i_clk
    SLICE_X64Y38         FDRE                                         r  CHAIN_INST/GEN_SLOTS[8].GEN_STAGE_LUT_ROM.STAGE_INST/IN_PHASE_DELAY_GEN_INST/phase_cnt_reg[0]/C
  -------------------------------------------------------------------    -------------------
    SLICE_X64Y38         FDRE (Prop_fdre_C_Q)         0.456     1.429 r  CHAIN_INST/GEN_SLOTS[8].GEN_STAGE_LUT_ROM.STAGE_INST/IN_PHASE_DELAY_GEN_INST/phase_cnt_reg[0]/Q
                         net (fo=302, routed)         1.099     2.528    CHAIN_INST/GEN_SLOTS[8].GEN_STAGE_LUT_ROM.STAGE_INST/IN_PHASE_DELAY_GEN_INST/phase[0]
    SLICE_X65Y38         LUT6 (Prop_lut6_I3_O)        0.124     2.652 r  CHAIN_INST/GEN_SLOTS[8].GEN_STAGE_LUT_ROM.STAGE_INST/IN_PHASE_DELAY_GEN_INST/GEN_FLOW_CAP12.GEN_PIPE_VALID.pipe_valid[1]_i_2/O
                         net (fo=19, routed)          0.504     3.156    CHAIN_INST/GEN_SLOTS[8].GEN_STAGE_LUT_ROM.STAGE_INST/IN_PHASE_DELAY_GEN_INST/in_last
    SLICE_X65Y36         LUT3 (Prop_lut3_I2_O)        0.124     3.280 f  CHAIN_INST/GEN_SLOTS[8].GEN_STAGE_LUT_ROM.STAGE_INST/IN_PHASE_DELAY_GEN_INST/delay_cnt[4]_i_5/O
                         net (fo=2, routed)           0.819     4.099    CHAIN_INST/GEN_SLOTS[8].GEN_STAGE_LUT_ROM.STAGE_INST/IN_PHASE_DELAY_GEN_INST/delay_cnt[4]_i_5_n_0
    SLICE_X65Y35         LUT6 (Prop_lut6_I1_O)        0.124     4.223 f  CHAIN_INST/GEN_SLOTS[8].GEN_STAGE_LUT_ROM.STAGE_INST/IN_PHASE_DELAY_GEN_INST/delay_cnt[4]_i_2/O
                         net (fo=23, routed)          0.772     4.995    CHAIN_INST/GEN_SLOTS[8].GEN_STAGE_LUT_ROM.STAGE_INST/IN_PHASE_DELAY_GEN_INST/core_beat
    SLICE_X68Y34         LUT4 (Prop_lut4_I1_O)        0.124     5.119 f  CHAIN_INST/GEN_SLOTS[8].GEN_STAGE_LUT_ROM.STAGE_INST/IN_PHASE_DELAY_GEN_INST/mid[35]_i_4__1/O
                         net (fo=9, routed)           0.800     5.919    CHAIN_INST/GEN_SLOTS[8].GEN_STAGE_LUT_ROM.STAGE_INST/GEN_FIFOS[2].FIFO_INST/FIFO_INST/head_reg[0]_1
    SLICE_X68Y39         LUT3 (Prop_lut3_I2_O)        0.150     6.069 r  CHAIN_INST/GEN_SLOTS[8].GEN_STAGE_LUT_ROM.STAGE_INST/GEN_FIFOS[2].FIFO_INST/FIFO_INST/wr_ptr[4]_i_3__1/O
                         net (fo=1, routed)           0.451     6.520    CHAIN_INST/GEN_SLOTS[8].GEN_STAGE_LUT_ROM.STAGE_INST/GEN_FIFOS[2].FIFO_INST/FIFO_INST/wr_ptr[4]_i_3__1_n_0
    SLICE_X67Y39         LUT6 (Prop_lut6_I0_O)        0.332     6.852 r  CHAIN_INST/GEN_SLOTS[8].GEN_STAGE_LUT_ROM.STAGE_INST/GEN_FIFOS[2].FIFO_INST/FIFO_INST/wr_ptr[4]_i_1__1/O
                         net (fo=53, routed)          1.066     7.918    CHAIN_INST/GEN_SLOTS[8].GEN_STAGE_LUT_ROM.STAGE_INST/GEN_FIFOS[2].FIFO_INST/FIFO_INST/fifo_mem_reg_0_31_24_29/WE
    SLICE_X82Y37         RAMD32                                       r  CHAIN_INST/GEN_SLOTS[8].GEN_STAGE_LUT_ROM.STAGE_INST/GEN_FIFOS[2].FIFO_INST/FIFO_INST/fifo_mem_reg_0_31_24_29/RAMC/WE
  -------------------------------------------------------------------    -------------------

                         (clock sys_clk rise edge)    7.600     7.600 r  
                                                      0.000     7.600 r  i_clk (IN)
                         net (fo=15793, unset)        0.924     8.524    CHAIN_INST/GEN_SLOTS[8].GEN_STAGE_LUT_ROM.STAGE_INST/GEN_FIFOS[2].FIFO_INST/FIFO_INST/fifo_mem_reg_0_31_24_29/WCLK
    SLICE_X82Y37         RAMD32                                       r  CHAIN_INST/GEN_SLOTS[8].GEN_STAGE_LUT_ROM.STAGE_INST/GEN_FIFOS[2].FIFO_INST/FIFO_INST/fifo_mem_reg_0_31_24_29/RAMC/CLK
                         clock pessimism              0.000     8.524    
                         clock uncertainty           -0.035     8.489    
    SLICE_X82Y37         RAMD32 (Setup_ramd32_CLK_WE)
                                                     -0.528     7.961    CHAIN_INST/GEN_SLOTS[8].GEN_STAGE_LUT_ROM.STAGE_INST/GEN_FIFOS[2].FIFO_INST/FIFO_INST/fifo_mem_reg_0_31_24_29/RAMC
  -------------------------------------------------------------------
                         required time                          7.961    
                         arrival time                          -7.918    
  -------------------------------------------------------------------
                         slack                                  0.043    

Slack (MET) :             0.043ns  (required time - arrival time)
  Source:                 CHAIN_INST/GEN_SLOTS[8].GEN_STAGE_LUT_ROM.STAGE_INST/IN_PHASE_DELAY_GEN_INST/phase_cnt_reg[0]/C
                            (rising edge-triggered cell FDRE clocked by sys_clk  {rise@0.000ns fall@3.800ns period=7.600ns})
  Destination:            CHAIN_INST/GEN_SLOTS[8].GEN_STAGE_LUT_ROM.STAGE_INST/GEN_FIFOS[2].FIFO_INST/FIFO_INST/fifo_mem_reg_0_31_24_29/RAMC_D1/WE
                            (rising edge-triggered cell RAMD32 clocked by sys_clk  {rise@0.000ns fall@3.800ns period=7.600ns})
  Path Group:             sys_clk
  Path Type:              Setup (Max at Slow Process Corner)
  Requirement:            7.600ns  (sys_clk rise@7.600ns - sys_clk rise@0.000ns)
  Data Path Delay:        6.945ns  (logic 1.434ns (20.647%)  route 5.511ns (79.353%))
  Logic Levels:           6  (LUT3=2 LUT4=1 LUT6=3)
  Clock Path Skew:        -0.049ns (DCD - SCD + CPR)
    Destination Clock Delay (DCD):    0.924ns = ( 8.524 - 7.600 ) 
    Source Clock Delay      (SCD):    0.973ns
    Clock Pessimism Removal (CPR):    0.000ns
  Clock Uncertainty:      0.035ns  ((TSJ^2 + TIJ^2)^1/2 + DJ) / 2 + PE
    Total System Jitter     (TSJ):    0.071ns
    Total Input Jitter      (TIJ):    0.000ns
    Discrete Jitter          (DJ):    0.000ns
    Phase Error              (PE):    0.000ns

    Location             Delay type                Incr(ns)  Path(ns)    Netlist Resource(s)
  -------------------------------------------------------------------    -------------------
                         (clock sys_clk rise edge)    0.000     0.000 r  
                                                      0.000     0.000 r  i_clk (IN)
                         net (fo=15793, unset)        0.973     0.973    CHAIN_INST/GEN_SLOTS[8].GEN_STAGE_LUT_ROM.STAGE_INST/IN_PHASE_DELAY_GEN_INST/i_clk
    SLICE_X64Y38         FDRE                                         r  CHAIN_INST/GEN_SLOTS[8].GEN_STAGE_LUT_ROM.STAGE_INST/IN_PHASE_DELAY_GEN_INST/phase_cnt_reg[0]/C
  -------------------------------------------------------------------    -------------------
    SLICE_X64Y38         FDRE (Prop_fdre_C_Q)         0.456     1.429 r  CHAIN_INST/GEN_SLOTS[8].GEN_STAGE_LUT_ROM.STAGE_INST/IN_PHASE_DELAY_GEN_INST/phase_cnt_reg[0]/Q
                         net (fo=302, routed)         1.099     2.528    CHAIN_INST/GEN_SLOTS[8].GEN_STAGE_LUT_ROM.STAGE_INST/IN_PHASE_DELAY_GEN_INST/phase[0]
    SLICE_X65Y38         LUT6 (Prop_lut6_I3_O)        0.124     2.652 r  CHAIN_INST/GEN_SLOTS[8].GEN_STAGE_LUT_ROM.STAGE_INST/IN_PHASE_DELAY_GEN_INST/GEN_FLOW_CAP12.GEN_PIPE_VALID.pipe_valid[1]_i_2/O
                         net (fo=19, routed)          0.504     3.156    CHAIN_INST/GEN_SLOTS[8].GEN_STAGE_LUT_ROM.STAGE_INST/IN_PHASE_DELAY_GEN_INST/in_last
    SLICE_X65Y36         LUT3 (Prop_lut3_I2_O)        0.124     3.280 f  CHAIN_INST/GEN_SLOTS[8].GEN_STAGE_LUT_ROM.STAGE_INST/IN_PHASE_DELAY_GEN_INST/delay_cnt[4]_i_5/O
                         net (fo=2, routed)           0.819     4.099    CHAIN_INST/GEN_SLOTS[8].GEN_STAGE_LUT_ROM.STAGE_INST/IN_PHASE_DELAY_GEN_INST/delay_cnt[4]_i_5_n_0
    SLICE_X65Y35         LUT6 (Prop_lut6_I1_O)        0.124     4.223 f  CHAIN_INST/GEN_SLOTS[8].GEN_STAGE_LUT_ROM.STAGE_INST/IN_PHASE_DELAY_GEN_INST/delay_cnt[4]_i_2/O
                         net (fo=23, routed)          0.772     4.995    CHAIN_INST/GEN_SLOTS[8].GEN_STAGE_LUT_ROM.STAGE_INST/IN_PHASE_DELAY_GEN_INST/core_beat
    SLICE_X68Y34         LUT4 (Prop_lut4_I1_O)        0.124     5.119 f  CHAIN_INST/GEN_SLOTS[8].GEN_STAGE_LUT_ROM.STAGE_INST/IN_PHASE_DELAY_GEN_INST/mid[35]_i_4__1/O
                         net (fo=9, routed)           0.800     5.919    CHAIN_INST/GEN_SLOTS[8].GEN_STAGE_LUT_ROM.STAGE_INST/GEN_FIFOS[2].FIFO_INST/FIFO_INST/head_reg[0]_1
    SLICE_X68Y39         LUT3 (Prop_lut3_I2_O)        0.150     6.069 r  CHAIN_INST/GEN_SLOTS[8].GEN_STAGE_LUT_ROM.STAGE_INST/GEN_FIFOS[2].FIFO_INST/FIFO_INST/wr_ptr[4]_i_3__1/O
                         net (fo=1, routed)           0.451     6.520    CHAIN_INST/GEN_SLOTS[8].GEN_STAGE_LUT_ROM.STAGE_INST/GEN_FIFOS[2].FIFO_INST/FIFO_INST/wr_ptr[4]_i_3__1_n_0
    SLICE_X67Y39         LUT6 (Prop_lut6_I0_O)        0.332     6.852 r  CHAIN_INST/GEN_SLOTS[8].GEN_STAGE_LUT_ROM.STAGE_INST/GEN_FIFOS[2].FIFO_INST/FIFO_INST/wr_ptr[4]_i_1__1/O
                         net (fo=53, routed)          1.066     7.918    CHAIN_INST/GEN_SLOTS[8].GEN_STAGE_LUT_ROM.STAGE_INST/GEN_FIFOS[2].FIFO_INST/FIFO_INST/fifo_mem_reg_0_31_24_29/WE
    SLICE_X82Y37         RAMD32                                       r  CHAIN_INST/GEN_SLOTS[8].GEN_STAGE_LUT_ROM.STAGE_INST/GEN_FIFOS[2].FIFO_INST/FIFO_INST/fifo_mem_reg_0_31_24_29/RAMC_D1/WE
  -------------------------------------------------------------------    -------------------

                         (clock sys_clk rise edge)    7.600     7.600 r  
                                                      0.000     7.600 r  i_clk (IN)
                         net (fo=15793, unset)        0.924     8.524    CHAIN_INST/GEN_SLOTS[8].GEN_STAGE_LUT_ROM.STAGE_INST/GEN_FIFOS[2].FIFO_INST/FIFO_INST/fifo_mem_reg_0_31_24_29/WCLK
    SLICE_X82Y37         RAMD32                                       r  CHAIN_INST/GEN_SLOTS[8].GEN_STAGE_LUT_ROM.STAGE_INST/GEN_FIFOS[2].FIFO_INST/FIFO_INST/fifo_mem_reg_0_31_24_29/RAMC_D1/CLK
                         clock pessimism              0.000     8.524    
                         clock uncertainty           -0.035     8.489    
    SLICE_X82Y37         RAMD32 (Setup_ramd32_CLK_WE)
                                                     -0.528     7.961    CHAIN_INST/GEN_SLOTS[8].GEN_STAGE_LUT_ROM.STAGE_INST/GEN_FIFOS[2].FIFO_INST/FIFO_INST/fifo_mem_reg_0_31_24_29/RAMC_D1
  -------------------------------------------------------------------
                         required time                          7.961    
                         arrival time                          -7.918    
  -------------------------------------------------------------------
                         slack                                  0.043    

Slack (MET) :             0.043ns  (required time - arrival time)
  Source:                 CHAIN_INST/GEN_SLOTS[8].GEN_STAGE_LUT_ROM.STAGE_INST/IN_PHASE_DELAY_GEN_INST/phase_cnt_reg[0]/C
                            (rising edge-triggered cell FDRE clocked by sys_clk  {rise@0.000ns fall@3.800ns period=7.600ns})
  Destination:            CHAIN_INST/GEN_SLOTS[8].GEN_STAGE_LUT_ROM.STAGE_INST/GEN_FIFOS[2].FIFO_INST/FIFO_INST/fifo_mem_reg_0_31_24_29/RAMD/WE
                            (rising edge-triggered cell RAMS32 clocked by sys_clk  {rise@0.000ns fall@3.800ns period=7.600ns})
  Path Group:             sys_clk
  Path Type:              Setup (Max at Slow Process Corner)
  Requirement:            7.600ns  (sys_clk rise@7.600ns - sys_clk rise@0.000ns)
  Data Path Delay:        6.945ns  (logic 1.434ns (20.647%)  route 5.511ns (79.353%))
  Logic Levels:           6  (LUT3=2 LUT4=1 LUT6=3)
  Clock Path Skew:        -0.049ns (DCD - SCD + CPR)
    Destination Clock Delay (DCD):    0.924ns = ( 8.524 - 7.600 ) 
    Source Clock Delay      (SCD):    0.973ns
    Clock Pessimism Removal (CPR):    0.000ns
  Clock Uncertainty:      0.035ns  ((TSJ^2 + TIJ^2)^1/2 + DJ) / 2 + PE
    Total System Jitter     (TSJ):    0.071ns
    Total Input Jitter      (TIJ):    0.000ns
    Discrete Jitter          (DJ):    0.000ns
    Phase Error              (PE):    0.000ns

    Location             Delay type                Incr(ns)  Path(ns)    Netlist Resource(s)
  -------------------------------------------------------------------    -------------------
                         (clock sys_clk rise edge)    0.000     0.000 r  
                                                      0.000     0.000 r  i_clk (IN)
                         net (fo=15793, unset)        0.973     0.973    CHAIN_INST/GEN_SLOTS[8].GEN_STAGE_LUT_ROM.STAGE_INST/IN_PHASE_DELAY_GEN_INST/i_clk
    SLICE_X64Y38         FDRE                                         r  CHAIN_INST/GEN_SLOTS[8].GEN_STAGE_LUT_ROM.STAGE_INST/IN_PHASE_DELAY_GEN_INST/phase_cnt_reg[0]/C
  -------------------------------------------------------------------    -------------------
    SLICE_X64Y38         FDRE (Prop_fdre_C_Q)         0.456     1.429 r  CHAIN_INST/GEN_SLOTS[8].GEN_STAGE_LUT_ROM.STAGE_INST/IN_PHASE_DELAY_GEN_INST/phase_cnt_reg[0]/Q
                         net (fo=302, routed)         1.099     2.528    CHAIN_INST/GEN_SLOTS[8].GEN_STAGE_LUT_ROM.STAGE_INST/IN_PHASE_DELAY_GEN_INST/phase[0]
    SLICE_X65Y38         LUT6 (Prop_lut6_I3_O)        0.124     2.652 r  CHAIN_INST/GEN_SLOTS[8].GEN_STAGE_LUT_ROM.STAGE_INST/IN_PHASE_DELAY_GEN_INST/GEN_FLOW_CAP12.GEN_PIPE_VALID.pipe_valid[1]_i_2/O
                         net (fo=19, routed)          0.504     3.156    CHAIN_INST/GEN_SLOTS[8].GEN_STAGE_LUT_ROM.STAGE_INST/IN_PHASE_DELAY_GEN_INST/in_last
    SLICE_X65Y36         LUT3 (Prop_lut3_I2_O)        0.124     3.280 f  CHAIN_INST/GEN_SLOTS[8].GEN_STAGE_LUT_ROM.STAGE_INST/IN_PHASE_DELAY_GEN_INST/delay_cnt[4]_i_5/O
                         net (fo=2, routed)           0.819     4.099    CHAIN_INST/GEN_SLOTS[8].GEN_STAGE_LUT_ROM.STAGE_INST/IN_PHASE_DELAY_GEN_INST/delay_cnt[4]_i_5_n_0
    SLICE_X65Y35         LUT6 (Prop_lut6_I1_O)        0.124     4.223 f  CHAIN_INST/GEN_SLOTS[8].GEN_STAGE_LUT_ROM.STAGE_INST/IN_PHASE_DELAY_GEN_INST/delay_cnt[4]_i_2/O
                         net (fo=23, routed)          0.772     4.995    CHAIN_INST/GEN_SLOTS[8].GEN_STAGE_LUT_ROM.STAGE_INST/IN_PHASE_DELAY_GEN_INST/core_beat
    SLICE_X68Y34         LUT4 (Prop_lut4_I1_O)        0.124     5.119 f  CHAIN_INST/GEN_SLOTS[8].GEN_STAGE_LUT_ROM.STAGE_INST/IN_PHASE_DELAY_GEN_INST/mid[35]_i_4__1/O
                         net (fo=9, routed)           0.800     5.919    CHAIN_INST/GEN_SLOTS[8].GEN_STAGE_LUT_ROM.STAGE_INST/GEN_FIFOS[2].FIFO_INST/FIFO_INST/head_reg[0]_1
    SLICE_X68Y39         LUT3 (Prop_lut3_I2_O)        0.150     6.069 r  CHAIN_INST/GEN_SLOTS[8].GEN_STAGE_LUT_ROM.STAGE_INST/GEN_FIFOS[2].FIFO_INST/FIFO_INST/wr_ptr[4]_i_3__1/O
                         net (fo=1, routed)           0.451     6.520    CHAIN_INST/GEN_SLOTS[8].GEN_STAGE_LUT_ROM.STAGE_INST/GEN_FIFOS[2].FIFO_INST/FIFO_INST/wr_ptr[4]_i_3__1_n_0
    SLICE_X67Y39         LUT6 (Prop_lut6_I0_O)        0.332     6.852 r  CHAIN_INST/GEN_SLOTS[8].GEN_STAGE_LUT_ROM.STAGE_INST/GEN_FIFOS[2].FIFO_INST/FIFO_INST/wr_ptr[4]_i_1__1/O
                         net (fo=53, routed)          1.066     7.918    CHAIN_INST/GEN_SLOTS[8].GEN_STAGE_LUT_ROM.STAGE_INST/GEN_FIFOS[2].FIFO_INST/FIFO_INST/fifo_mem_reg_0_31_24_29/WE
    SLICE_X82Y37         RAMS32                                       r  CHAIN_INST/GEN_SLOTS[8].GEN_STAGE_LUT_ROM.STAGE_INST/GEN_FIFOS[2].FIFO_INST/FIFO_INST/fifo_mem_reg_0_31_24_29/RAMD/WE
  -------------------------------------------------------------------    -------------------

                         (clock sys_clk rise edge)    7.600     7.600 r  
                                                      0.000     7.600 r  i_clk (IN)
                         net (fo=15793, unset)        0.924     8.524    CHAIN_INST/GEN_SLOTS[8].GEN_STAGE_LUT_ROM.STAGE_INST/GEN_FIFOS[2].FIFO_INST/FIFO_INST/fifo_mem_reg_0_31_24_29/WCLK
    SLICE_X82Y37         RAMS32                                       r  CHAIN_INST/GEN_SLOTS[8].GEN_STAGE_LUT_ROM.STAGE_INST/GEN_FIFOS[2].FIFO_INST/FIFO_INST/fifo_mem_reg_0_31_24_29/RAMD/CLK
                         clock pessimism              0.000     8.524    
                         clock uncertainty           -0.035     8.489    
    SLICE_X82Y37         RAMS32 (Setup_rams32_CLK_WE)
                                                     -0.528     7.961    CHAIN_INST/GEN_SLOTS[8].GEN_STAGE_LUT_ROM.STAGE_INST/GEN_FIFOS[2].FIFO_INST/FIFO_INST/fifo_mem_reg_0_31_24_29/RAMD
  -------------------------------------------------------------------
                         required time                          7.961    
                         arrival time                          -7.918    
  -------------------------------------------------------------------
                         slack                                  0.043    

Slack (MET) :             0.043ns  (required time - arrival time)
  Source:                 CHAIN_INST/GEN_SLOTS[8].GEN_STAGE_LUT_ROM.STAGE_INST/IN_PHASE_DELAY_GEN_INST/phase_cnt_reg[0]/C
                            (rising edge-triggered cell FDRE clocked by sys_clk  {rise@0.000ns fall@3.800ns period=7.600ns})
  Destination:            CHAIN_INST/GEN_SLOTS[8].GEN_STAGE_LUT_ROM.STAGE_INST/GEN_FIFOS[2].FIFO_INST/FIFO_INST/fifo_mem_reg_0_31_24_29/RAMD_D1/WE
                            (rising edge-triggered cell RAMS32 clocked by sys_clk  {rise@0.000ns fall@3.800ns period=7.600ns})
  Path Group:             sys_clk
  Path Type:              Setup (Max at Slow Process Corner)
  Requirement:            7.600ns  (sys_clk rise@7.600ns - sys_clk rise@0.000ns)
  Data Path Delay:        6.945ns  (logic 1.434ns (20.647%)  route 5.511ns (79.353%))
  Logic Levels:           6  (LUT3=2 LUT4=1 LUT6=3)
  Clock Path Skew:        -0.049ns (DCD - SCD + CPR)
    Destination Clock Delay (DCD):    0.924ns = ( 8.524 - 7.600 ) 
    Source Clock Delay      (SCD):    0.973ns
    Clock Pessimism Removal (CPR):    0.000ns
  Clock Uncertainty:      0.035ns  ((TSJ^2 + TIJ^2)^1/2 + DJ) / 2 + PE
    Total System Jitter     (TSJ):    0.071ns
    Total Input Jitter      (TIJ):    0.000ns
    Discrete Jitter          (DJ):    0.000ns
    Phase Error              (PE):    0.000ns

    Location             Delay type                Incr(ns)  Path(ns)    Netlist Resource(s)
  -------------------------------------------------------------------    -------------------
                         (clock sys_clk rise edge)    0.000     0.000 r  
                                                      0.000     0.000 r  i_clk (IN)
                         net (fo=15793, unset)        0.973     0.973    CHAIN_INST/GEN_SLOTS[8].GEN_STAGE_LUT_ROM.STAGE_INST/IN_PHASE_DELAY_GEN_INST/i_clk
    SLICE_X64Y38         FDRE                                         r  CHAIN_INST/GEN_SLOTS[8].GEN_STAGE_LUT_ROM.STAGE_INST/IN_PHASE_DELAY_GEN_INST/phase_cnt_reg[0]/C
  -------------------------------------------------------------------    -------------------
    SLICE_X64Y38         FDRE (Prop_fdre_C_Q)         0.456     1.429 r  CHAIN_INST/GEN_SLOTS[8].GEN_STAGE_LUT_ROM.STAGE_INST/IN_PHASE_DELAY_GEN_INST/phase_cnt_reg[0]/Q
                         net (fo=302, routed)         1.099     2.528    CHAIN_INST/GEN_SLOTS[8].GEN_STAGE_LUT_ROM.STAGE_INST/IN_PHASE_DELAY_GEN_INST/phase[0]
    SLICE_X65Y38         LUT6 (Prop_lut6_I3_O)        0.124     2.652 r  CHAIN_INST/GEN_SLOTS[8].GEN_STAGE_LUT_ROM.STAGE_INST/IN_PHASE_DELAY_GEN_INST/GEN_FLOW_CAP12.GEN_PIPE_VALID.pipe_valid[1]_i_2/O
                         net (fo=19, routed)          0.504     3.156    CHAIN_INST/GEN_SLOTS[8].GEN_STAGE_LUT_ROM.STAGE_INST/IN_PHASE_DELAY_GEN_INST/in_last
    SLICE_X65Y36         LUT3 (Prop_lut3_I2_O)        0.124     3.280 f  CHAIN_INST/GEN_SLOTS[8].GEN_STAGE_LUT_ROM.STAGE_INST/IN_PHASE_DELAY_GEN_INST/delay_cnt[4]_i_5/O
                         net (fo=2, routed)           0.819     4.099    CHAIN_INST/GEN_SLOTS[8].GEN_STAGE_LUT_ROM.STAGE_INST/IN_PHASE_DELAY_GEN_INST/delay_cnt[4]_i_5_n_0
    SLICE_X65Y35         LUT6 (Prop_lut6_I1_O)        0.124     4.223 f  CHAIN_INST/GEN_SLOTS[8].GEN_STAGE_LUT_ROM.STAGE_INST/IN_PHASE_DELAY_GEN_INST/delay_cnt[4]_i_2/O
                         net (fo=23, routed)          0.772     4.995    CHAIN_INST/GEN_SLOTS[8].GEN_STAGE_LUT_ROM.STAGE_INST/IN_PHASE_DELAY_GEN_INST/core_beat
    SLICE_X68Y34         LUT4 (Prop_lut4_I1_O)        0.124     5.119 f  CHAIN_INST/GEN_SLOTS[8].GEN_STAGE_LUT_ROM.STAGE_INST/IN_PHASE_DELAY_GEN_INST/mid[35]_i_4__1/O
                         net (fo=9, routed)           0.800     5.919    CHAIN_INST/GEN_SLOTS[8].GEN_STAGE_LUT_ROM.STAGE_INST/GEN_FIFOS[2].FIFO_INST/FIFO_INST/head_reg[0]_1
    SLICE_X68Y39         LUT3 (Prop_lut3_I2_O)        0.150     6.069 r  CHAIN_INST/GEN_SLOTS[8].GEN_STAGE_LUT_ROM.STAGE_INST/GEN_FIFOS[2].FIFO_INST/FIFO_INST/wr_ptr[4]_i_3__1/O
                         net (fo=1, routed)           0.451     6.520    CHAIN_INST/GEN_SLOTS[8].GEN_STAGE_LUT_ROM.STAGE_INST/GEN_FIFOS[2].FIFO_INST/FIFO_INST/wr_ptr[4]_i_3__1_n_0
    SLICE_X67Y39         LUT6 (Prop_lut6_I0_O)        0.332     6.852 r  CHAIN_INST/GEN_SLOTS[8].GEN_STAGE_LUT_ROM.STAGE_INST/GEN_FIFOS[2].FIFO_INST/FIFO_INST/wr_ptr[4]_i_1__1/O
                         net (fo=53, routed)          1.066     7.918    CHAIN_INST/GEN_SLOTS[8].GEN_STAGE_LUT_ROM.STAGE_INST/GEN_FIFOS[2].FIFO_INST/FIFO_INST/fifo_mem_reg_0_31_24_29/WE
    SLICE_X82Y37         RAMS32                                       r  CHAIN_INST/GEN_SLOTS[8].GEN_STAGE_LUT_ROM.STAGE_INST/GEN_FIFOS[2].FIFO_INST/FIFO_INST/fifo_mem_reg_0_31_24_29/RAMD_D1/WE
  -------------------------------------------------------------------    -------------------

                         (clock sys_clk rise edge)    7.600     7.600 r  
                                                      0.000     7.600 r  i_clk (IN)
                         net (fo=15793, unset)        0.924     8.524    CHAIN_INST/GEN_SLOTS[8].GEN_STAGE_LUT_ROM.STAGE_INST/GEN_FIFOS[2].FIFO_INST/FIFO_INST/fifo_mem_reg_0_31_24_29/WCLK
    SLICE_X82Y37         RAMS32                                       r  CHAIN_INST/GEN_SLOTS[8].GEN_STAGE_LUT_ROM.STAGE_INST/GEN_FIFOS[2].FIFO_INST/FIFO_INST/fifo_mem_reg_0_31_24_29/RAMD_D1/CLK
                         clock pessimism              0.000     8.524    
                         clock uncertainty           -0.035     8.489    
    SLICE_X82Y37         RAMS32 (Setup_rams32_CLK_WE)
                                                     -0.528     7.961    CHAIN_INST/GEN_SLOTS[8].GEN_STAGE_LUT_ROM.STAGE_INST/GEN_FIFOS[2].FIFO_INST/FIFO_INST/fifo_mem_reg_0_31_24_29/RAMD_D1
  -------------------------------------------------------------------
                         required time                          7.961    
                         arrival time                          -7.918    
  -------------------------------------------------------------------
                         slack                                  0.043    

Slack (MET) :             0.052ns  (required time - arrival time)
  Source:                 CHAIN_INST/GEN_SLOTS[8].GEN_STAGE_LUT_ROM.STAGE_INST/IN_PHASE_DELAY_GEN_INST/phase_cnt_reg[0]/C
                            (rising edge-triggered cell FDRE clocked by sys_clk  {rise@0.000ns fall@3.800ns period=7.600ns})
  Destination:            CHAIN_INST/GEN_SLOTS[8].GEN_STAGE_LUT_ROM.STAGE_INST/GEN_FIFOS[2].FIFO_INST/FIFO_INST/fifo_mem_reg_0_31_18_23/RAMA/WE
                            (rising edge-triggered cell RAMD32 clocked by sys_clk  {rise@0.000ns fall@3.800ns period=7.600ns})
  Path Group:             sys_clk
  Path Type:              Setup (Max at Slow Process Corner)
  Requirement:            7.600ns  (sys_clk rise@7.600ns - sys_clk rise@0.000ns)
  Data Path Delay:        6.936ns  (logic 1.434ns (20.675%)  route 5.502ns (79.325%))
  Logic Levels:           6  (LUT3=2 LUT4=1 LUT6=3)
  Clock Path Skew:        -0.049ns (DCD - SCD + CPR)
    Destination Clock Delay (DCD):    0.924ns = ( 8.524 - 7.600 ) 
    Source Clock Delay      (SCD):    0.973ns
    Clock Pessimism Removal (CPR):    0.000ns
  Clock Uncertainty:      0.035ns  ((TSJ^2 + TIJ^2)^1/2 + DJ) / 2 + PE
    Total System Jitter     (TSJ):    0.071ns
    Total Input Jitter      (TIJ):    0.000ns
    Discrete Jitter          (DJ):    0.000ns
    Phase Error              (PE):    0.000ns

    Location             Delay type                Incr(ns)  Path(ns)    Netlist Resource(s)
  -------------------------------------------------------------------    -------------------
                         (clock sys_clk rise edge)    0.000     0.000 r  
                                                      0.000     0.000 r  i_clk (IN)
                         net (fo=15793, unset)        0.973     0.973    CHAIN_INST/GEN_SLOTS[8].GEN_STAGE_LUT_ROM.STAGE_INST/IN_PHASE_DELAY_GEN_INST/i_clk
    SLICE_X64Y38         FDRE                                         r  CHAIN_INST/GEN_SLOTS[8].GEN_STAGE_LUT_ROM.STAGE_INST/IN_PHASE_DELAY_GEN_INST/phase_cnt_reg[0]/C
  -------------------------------------------------------------------    -------------------
    SLICE_X64Y38         FDRE (Prop_fdre_C_Q)         0.456     1.429 r  CHAIN_INST/GEN_SLOTS[8].GEN_STAGE_LUT_ROM.STAGE_INST/IN_PHASE_DELAY_GEN_INST/phase_cnt_reg[0]/Q
                         net (fo=302, routed)         1.099     2.528    CHAIN_INST/GEN_SLOTS[8].GEN_STAGE_LUT_ROM.STAGE_INST/IN_PHASE_DELAY_GEN_INST/phase[0]
    SLICE_X65Y38         LUT6 (Prop_lut6_I3_O)        0.124     2.652 r  CHAIN_INST/GEN_SLOTS[8].GEN_STAGE_LUT_ROM.STAGE_INST/IN_PHASE_DELAY_GEN_INST/GEN_FLOW_CAP12.GEN_PIPE_VALID.pipe_valid[1]_i_2/O
                         net (fo=19, routed)          0.504     3.156    CHAIN_INST/GEN_SLOTS[8].GEN_STAGE_LUT_ROM.STAGE_INST/IN_PHASE_DELAY_GEN_INST/in_last
    SLICE_X65Y36         LUT3 (Prop_lut3_I2_O)        0.124     3.280 f  CHAIN_INST/GEN_SLOTS[8].GEN_STAGE_LUT_ROM.STAGE_INST/IN_PHASE_DELAY_GEN_INST/delay_cnt[4]_i_5/O
                         net (fo=2, routed)           0.819     4.099    CHAIN_INST/GEN_SLOTS[8].GEN_STAGE_LUT_ROM.STAGE_INST/IN_PHASE_DELAY_GEN_INST/delay_cnt[4]_i_5_n_0
    SLICE_X65Y35         LUT6 (Prop_lut6_I1_O)        0.124     4.223 f  CHAIN_INST/GEN_SLOTS[8].GEN_STAGE_LUT_ROM.STAGE_INST/IN_PHASE_DELAY_GEN_INST/delay_cnt[4]_i_2/O
                         net (fo=23, routed)          0.772     4.995    CHAIN_INST/GEN_SLOTS[8].GEN_STAGE_LUT_ROM.STAGE_INST/IN_PHASE_DELAY_GEN_INST/core_beat
    SLICE_X68Y34         LUT4 (Prop_lut4_I1_O)        0.124     5.119 f  CHAIN_INST/GEN_SLOTS[8].GEN_STAGE_LUT_ROM.STAGE_INST/IN_PHASE_DELAY_GEN_INST/mid[35]_i_4__1/O
                         net (fo=9, routed)           0.800     5.919    CHAIN_INST/GEN_SLOTS[8].GEN_STAGE_LUT_ROM.STAGE_INST/GEN_FIFOS[2].FIFO_INST/FIFO_INST/head_reg[0]_1
    SLICE_X68Y39         LUT3 (Prop_lut3_I2_O)        0.150     6.069 r  CHAIN_INST/GEN_SLOTS[8].GEN_STAGE_LUT_ROM.STAGE_INST/GEN_FIFOS[2].FIFO_INST/FIFO_INST/wr_ptr[4]_i_3__1/O
                         net (fo=1, routed)           0.451     6.520    CHAIN_INST/GEN_SLOTS[8].GEN_STAGE_LUT_ROM.STAGE_INST/GEN_FIFOS[2].FIFO_INST/FIFO_INST/wr_ptr[4]_i_3__1_n_0
    SLICE_X67Y39         LUT6 (Prop_lut6_I0_O)        0.332     6.852 r  CHAIN_INST/GEN_SLOTS[8].GEN_STAGE_LUT_ROM.STAGE_INST/GEN_FIFOS[2].FIFO_INST/FIFO_INST/wr_ptr[4]_i_1__1/O
                         net (fo=53, routed)          1.057     7.909    CHAIN_INST/GEN_SLOTS[8].GEN_STAGE_LUT_ROM.STAGE_INST/GEN_FIFOS[2].FIFO_INST/FIFO_INST/fifo_mem_reg_0_31_18_23/WE
    SLICE_X82Y36         RAMD32                                       r  CHAIN_INST/GEN_SLOTS[8].GEN_STAGE_LUT_ROM.STAGE_INST/GEN_FIFOS[2].FIFO_INST/FIFO_INST/fifo_mem_reg_0_31_18_23/RAMA/WE
  -------------------------------------------------------------------    -------------------

                         (clock sys_clk rise edge)    7.600     7.600 r  
                                                      0.000     7.600 r  i_clk (IN)
                         net (fo=15793, unset)        0.924     8.524    CHAIN_INST/GEN_SLOTS[8].GEN_STAGE_LUT_ROM.STAGE_INST/GEN_FIFOS[2].FIFO_INST/FIFO_INST/fifo_mem_reg_0_31_18_23/WCLK
    SLICE_X82Y36         RAMD32                                       r  CHAIN_INST/GEN_SLOTS[8].GEN_STAGE_LUT_ROM.STAGE_INST/GEN_FIFOS[2].FIFO_INST/FIFO_INST/fifo_mem_reg_0_31_18_23/RAMA/CLK
                         clock pessimism              0.000     8.524    
                         clock uncertainty           -0.035     8.489    
    SLICE_X82Y36         RAMD32 (Setup_ramd32_CLK_WE)
                                                     -0.528     7.961    CHAIN_INST/GEN_SLOTS[8].GEN_STAGE_LUT_ROM.STAGE_INST/GEN_FIFOS[2].FIFO_INST/FIFO_INST/fifo_mem_reg_0_31_18_23/RAMA
  -------------------------------------------------------------------
                         required time                          7.961    
                         arrival time                          -7.909    
  -------------------------------------------------------------------
                         slack                                  0.052    

Slack (MET) :             0.052ns  (required time - arrival time)
  Source:                 CHAIN_INST/GEN_SLOTS[8].GEN_STAGE_LUT_ROM.STAGE_INST/IN_PHASE_DELAY_GEN_INST/phase_cnt_reg[0]/C
                            (rising edge-triggered cell FDRE clocked by sys_clk  {rise@0.000ns fall@3.800ns period=7.600ns})
  Destination:            CHAIN_INST/GEN_SLOTS[8].GEN_STAGE_LUT_ROM.STAGE_INST/GEN_FIFOS[2].FIFO_INST/FIFO_INST/fifo_mem_reg_0_31_18_23/RAMA_D1/WE
                            (rising edge-triggered cell RAMD32 clocked by sys_clk  {rise@0.000ns fall@3.800ns period=7.600ns})
  Path Group:             sys_clk
  Path Type:              Setup (Max at Slow Process Corner)
  Requirement:            7.600ns  (sys_clk rise@7.600ns - sys_clk rise@0.000ns)
  Data Path Delay:        6.936ns  (logic 1.434ns (20.675%)  route 5.502ns (79.325%))
  Logic Levels:           6  (LUT3=2 LUT4=1 LUT6=3)
  Clock Path Skew:        -0.049ns (DCD - SCD + CPR)
    Destination Clock Delay (DCD):    0.924ns = ( 8.524 - 7.600 ) 
    Source Clock Delay      (SCD):    0.973ns
    Clock Pessimism Removal (CPR):    0.000ns
  Clock Uncertainty:      0.035ns  ((TSJ^2 + TIJ^2)^1/2 + DJ) / 2 + PE
    Total System Jitter     (TSJ):    0.071ns
    Total Input Jitter      (TIJ):    0.000ns
    Discrete Jitter          (DJ):    0.000ns
    Phase Error              (PE):    0.000ns

    Location             Delay type                Incr(ns)  Path(ns)    Netlist Resource(s)
  -------------------------------------------------------------------    -------------------
                         (clock sys_clk rise edge)    0.000     0.000 r  
                                                      0.000     0.000 r  i_clk (IN)
                         net (fo=15793, unset)        0.973     0.973    CHAIN_INST/GEN_SLOTS[8].GEN_STAGE_LUT_ROM.STAGE_INST/IN_PHASE_DELAY_GEN_INST/i_clk
    SLICE_X64Y38         FDRE                                         r  CHAIN_INST/GEN_SLOTS[8].GEN_STAGE_LUT_ROM.STAGE_INST/IN_PHASE_DELAY_GEN_INST/phase_cnt_reg[0]/C
  -------------------------------------------------------------------    -------------------
    SLICE_X64Y38         FDRE (Prop_fdre_C_Q)         0.456     1.429 r  CHAIN_INST/GEN_SLOTS[8].GEN_STAGE_LUT_ROM.STAGE_INST/IN_PHASE_DELAY_GEN_INST/phase_cnt_reg[0]/Q
                         net (fo=302, routed)         1.099     2.528    CHAIN_INST/GEN_SLOTS[8].GEN_STAGE_LUT_ROM.STAGE_INST/IN_PHASE_DELAY_GEN_INST/phase[0]
    SLICE_X65Y38         LUT6 (Prop_lut6_I3_O)        0.124     2.652 r  CHAIN_INST/GEN_SLOTS[8].GEN_STAGE_LUT_ROM.STAGE_INST/IN_PHASE_DELAY_GEN_INST/GEN_FLOW_CAP12.GEN_PIPE_VALID.pipe_valid[1]_i_2/O
                         net (fo=19, routed)          0.504     3.156    CHAIN_INST/GEN_SLOTS[8].GEN_STAGE_LUT_ROM.STAGE_INST/IN_PHASE_DELAY_GEN_INST/in_last
    SLICE_X65Y36         LUT3 (Prop_lut3_I2_O)        0.124     3.280 f  CHAIN_INST/GEN_SLOTS[8].GEN_STAGE_LUT_ROM.STAGE_INST/IN_PHASE_DELAY_GEN_INST/delay_cnt[4]_i_5/O
                         net (fo=2, routed)           0.819     4.099    CHAIN_INST/GEN_SLOTS[8].GEN_STAGE_LUT_ROM.STAGE_INST/IN_PHASE_DELAY_GEN_INST/delay_cnt[4]_i_5_n_0
    SLICE_X65Y35         LUT6 (Prop_lut6_I1_O)        0.124     4.223 f  CHAIN_INST/GEN_SLOTS[8].GEN_STAGE_LUT_ROM.STAGE_INST/IN_PHASE_DELAY_GEN_INST/delay_cnt[4]_i_2/O
                         net (fo=23, routed)          0.772     4.995    CHAIN_INST/GEN_SLOTS[8].GEN_STAGE_LUT_ROM.STAGE_INST/IN_PHASE_DELAY_GEN_INST/core_beat
    SLICE_X68Y34         LUT4 (Prop_lut4_I1_O)        0.124     5.119 f  CHAIN_INST/GEN_SLOTS[8].GEN_STAGE_LUT_ROM.STAGE_INST/IN_PHASE_DELAY_GEN_INST/mid[35]_i_4__1/O
                         net (fo=9, routed)           0.800     5.919    CHAIN_INST/GEN_SLOTS[8].GEN_STAGE_LUT_ROM.STAGE_INST/GEN_FIFOS[2].FIFO_INST/FIFO_INST/head_reg[0]_1
    SLICE_X68Y39         LUT3 (Prop_lut3_I2_O)        0.150     6.069 r  CHAIN_INST/GEN_SLOTS[8].GEN_STAGE_LUT_ROM.STAGE_INST/GEN_FIFOS[2].FIFO_INST/FIFO_INST/wr_ptr[4]_i_3__1/O
                         net (fo=1, routed)           0.451     6.520    CHAIN_INST/GEN_SLOTS[8].GEN_STAGE_LUT_ROM.STAGE_INST/GEN_FIFOS[2].FIFO_INST/FIFO_INST/wr_ptr[4]_i_3__1_n_0
    SLICE_X67Y39         LUT6 (Prop_lut6_I0_O)        0.332     6.852 r  CHAIN_INST/GEN_SLOTS[8].GEN_STAGE_LUT_ROM.STAGE_INST/GEN_FIFOS[2].FIFO_INST/FIFO_INST/wr_ptr[4]_i_1__1/O
                         net (fo=53, routed)          1.057     7.909    CHAIN_INST/GEN_SLOTS[8].GEN_STAGE_LUT_ROM.STAGE_INST/GEN_FIFOS[2].FIFO_INST/FIFO_INST/fifo_mem_reg_0_31_18_23/WE
    SLICE_X82Y36         RAMD32                                       r  CHAIN_INST/GEN_SLOTS[8].GEN_STAGE_LUT_ROM.STAGE_INST/GEN_FIFOS[2].FIFO_INST/FIFO_INST/fifo_mem_reg_0_31_18_23/RAMA_D1/WE
  -------------------------------------------------------------------    -------------------

                         (clock sys_clk rise edge)    7.600     7.600 r  
                                                      0.000     7.600 r  i_clk (IN)
                         net (fo=15793, unset)        0.924     8.524    CHAIN_INST/GEN_SLOTS[8].GEN_STAGE_LUT_ROM.STAGE_INST/GEN_FIFOS[2].FIFO_INST/FIFO_INST/fifo_mem_reg_0_31_18_23/WCLK
    SLICE_X82Y36         RAMD32                                       r  CHAIN_INST/GEN_SLOTS[8].GEN_STAGE_LUT_ROM.STAGE_INST/GEN_FIFOS[2].FIFO_INST/FIFO_INST/fifo_mem_reg_0_31_18_23/RAMA_D1/CLK
                         clock pessimism              0.000     8.524    
                         clock uncertainty           -0.035     8.489    
    SLICE_X82Y36         RAMD32 (Setup_ramd32_CLK_WE)
                                                     -0.528     7.961    CHAIN_INST/GEN_SLOTS[8].GEN_STAGE_LUT_ROM.STAGE_INST/GEN_FIFOS[2].FIFO_INST/FIFO_INST/fifo_mem_reg_0_31_18_23/RAMA_D1
  -------------------------------------------------------------------
                         required time                          7.961    
                         arrival time                          -7.909    
  -------------------------------------------------------------------
                         slack                                  0.052    





Min Delay Paths
--------------------------------------------------------------------------------------
Slack (MET) :             0.038ns  (arrival time - required time)
  Source:                 CHAIN_INST/GEN_SLOTS[9].GEN_STAGE_LUT_ROM.STAGE_INST/GEN_RESULT_FIFOS_EN.GEN_RESULT_FIFOS[0].RESULT_FIFO_INST/FIFO_INST/wr_ptr_reg[0]/C
                            (rising edge-triggered cell FDRE clocked by sys_clk  {rise@0.000ns fall@3.800ns period=7.600ns})
  Destination:            CHAIN_INST/GEN_SLOTS[9].GEN_STAGE_LUT_ROM.STAGE_INST/GEN_RESULT_FIFOS_EN.GEN_RESULT_FIFOS[0].RESULT_FIFO_INST/FIFO_INST/fifo_mem_reg_0_15_0_5/RAMA/WADR0
                            (rising edge-triggered cell RAMD32 clocked by sys_clk  {rise@0.000ns fall@3.800ns period=7.600ns})
  Path Group:             sys_clk
  Path Type:              Hold (Min at Fast Process Corner)
  Requirement:            0.000ns  (sys_clk rise@0.000ns - sys_clk rise@0.000ns)
  Data Path Delay:        0.370ns  (logic 0.141ns (38.159%)  route 0.229ns (61.841%))
  Logic Levels:           0  
  Clock Path Skew:        0.022ns (DCD - SCD - CPR)
    Destination Clock Delay (DCD):    0.432ns
    Source Clock Delay      (SCD):    0.410ns
    Clock Pessimism Removal (CPR):    -0.000ns

    Location             Delay type                Incr(ns)  Path(ns)    Netlist Resource(s)
  -------------------------------------------------------------------    -------------------
                         (clock sys_clk rise edge)    0.000     0.000 r  
                                                      0.000     0.000 r  i_clk (IN)
                         net (fo=15793, unset)        0.410     0.410    CHAIN_INST/GEN_SLOTS[9].GEN_STAGE_LUT_ROM.STAGE_INST/GEN_RESULT_FIFOS_EN.GEN_RESULT_FIFOS[0].RESULT_FIFO_INST/FIFO_INST/i_clk
    SLICE_X55Y18         FDRE                                         r  CHAIN_INST/GEN_SLOTS[9].GEN_STAGE_LUT_ROM.STAGE_INST/GEN_RESULT_FIFOS_EN.GEN_RESULT_FIFOS[0].RESULT_FIFO_INST/FIFO_INST/wr_ptr_reg[0]/C
  -------------------------------------------------------------------    -------------------
    SLICE_X55Y18         FDRE (Prop_fdre_C_Q)         0.141     0.551 r  CHAIN_INST/GEN_SLOTS[9].GEN_STAGE_LUT_ROM.STAGE_INST/GEN_RESULT_FIFOS_EN.GEN_RESULT_FIFOS[0].RESULT_FIFO_INST/FIFO_INST/wr_ptr_reg[0]/Q
                         net (fo=52, routed)          0.229     0.780    CHAIN_INST/GEN_SLOTS[9].GEN_STAGE_LUT_ROM.STAGE_INST/GEN_RESULT_FIFOS_EN.GEN_RESULT_FIFOS[0].RESULT_FIFO_INST/FIFO_INST/fifo_mem_reg_0_15_0_5/ADDRD0
    SLICE_X54Y18         RAMD32                                       r  CHAIN_INST/GEN_SLOTS[9].GEN_STAGE_LUT_ROM.STAGE_INST/GEN_RESULT_FIFOS_EN.GEN_RESULT_FIFOS[0].RESULT_FIFO_INST/FIFO_INST/fifo_mem_reg_0_15_0_5/RAMA/WADR0
  -------------------------------------------------------------------    -------------------

                         (clock sys_clk rise edge)    0.000     0.000 r  
                                                      0.000     0.000 r  i_clk (IN)
                         net (fo=15793, unset)        0.432     0.432    CHAIN_INST/GEN_SLOTS[9].GEN_STAGE_LUT_ROM.STAGE_INST/GEN_RESULT_FIFOS_EN.GEN_RESULT_FIFOS[0].RESULT_FIFO_INST/FIFO_INST/fifo_mem_reg_0_15_0_5/WCLK
    SLICE_X54Y18         RAMD32                                       r  CHAIN_INST/GEN_SLOTS[9].GEN_STAGE_LUT_ROM.STAGE_INST/GEN_RESULT_FIFOS_EN.GEN_RESULT_FIFOS[0].RESULT_FIFO_INST/FIFO_INST/fifo_mem_reg_0_15_0_5/RAMA/CLK
                         clock pessimism              0.000     0.432    
    SLICE_X54Y18         RAMD32 (Hold_ramd32_CLK_WADR0)
                                                      0.310     0.742    CHAIN_INST/GEN_SLOTS[9].GEN_STAGE_LUT_ROM.STAGE_INST/GEN_RESULT_FIFOS_EN.GEN_RESULT_FIFOS[0].RESULT_FIFO_INST/FIFO_INST/fifo_mem_reg_0_15_0_5/RAMA
  -------------------------------------------------------------------
                         required time                         -0.742    
                         arrival time                           0.780    
  -------------------------------------------------------------------
                         slack                                  0.038    

Slack (MET) :             0.038ns  (arrival time - required time)
  Source:                 CHAIN_INST/GEN_SLOTS[9].GEN_STAGE_LUT_ROM.STAGE_INST/GEN_RESULT_FIFOS_EN.GEN_RESULT_FIFOS[0].RESULT_FIFO_INST/FIFO_INST/wr_ptr_reg[0]/C
                            (rising edge-triggered cell FDRE clocked by sys_clk  {rise@0.000ns fall@3.800ns period=7.600ns})
  Destination:            CHAIN_INST/GEN_SLOTS[9].GEN_STAGE_LUT_ROM.STAGE_INST/GEN_RESULT_FIFOS_EN.GEN_RESULT_FIFOS[0].RESULT_FIFO_INST/FIFO_INST/fifo_mem_reg_0_15_0_5/RAMA_D1/WADR0
                            (rising edge-triggered cell RAMD32 clocked by sys_clk  {rise@0.000ns fall@3.800ns period=7.600ns})
  Path Group:             sys_clk
  Path Type:              Hold (Min at Fast Process Corner)
  Requirement:            0.000ns  (sys_clk rise@0.000ns - sys_clk rise@0.000ns)
  Data Path Delay:        0.370ns  (logic 0.141ns (38.159%)  route 0.229ns (61.841%))
  Logic Levels:           0  
  Clock Path Skew:        0.022ns (DCD - SCD - CPR)
    Destination Clock Delay (DCD):    0.432ns
    Source Clock Delay      (SCD):    0.410ns
    Clock Pessimism Removal (CPR):    -0.000ns

    Location             Delay type                Incr(ns)  Path(ns)    Netlist Resource(s)
  -------------------------------------------------------------------    -------------------
                         (clock sys_clk rise edge)    0.000     0.000 r  
                                                      0.000     0.000 r  i_clk (IN)
                         net (fo=15793, unset)        0.410     0.410    CHAIN_INST/GEN_SLOTS[9].GEN_STAGE_LUT_ROM.STAGE_INST/GEN_RESULT_FIFOS_EN.GEN_RESULT_FIFOS[0].RESULT_FIFO_INST/FIFO_INST/i_clk
    SLICE_X55Y18         FDRE                                         r  CHAIN_INST/GEN_SLOTS[9].GEN_STAGE_LUT_ROM.STAGE_INST/GEN_RESULT_FIFOS_EN.GEN_RESULT_FIFOS[0].RESULT_FIFO_INST/FIFO_INST/wr_ptr_reg[0]/C
  -------------------------------------------------------------------    -------------------
    SLICE_X55Y18         FDRE (Prop_fdre_C_Q)         0.141     0.551 r  CHAIN_INST/GEN_SLOTS[9].GEN_STAGE_LUT_ROM.STAGE_INST/GEN_RESULT_FIFOS_EN.GEN_RESULT_FIFOS[0].RESULT_FIFO_INST/FIFO_INST/wr_ptr_reg[0]/Q
                         net (fo=52, routed)          0.229     0.780    CHAIN_INST/GEN_SLOTS[9].GEN_STAGE_LUT_ROM.STAGE_INST/GEN_RESULT_FIFOS_EN.GEN_RESULT_FIFOS[0].RESULT_FIFO_INST/FIFO_INST/fifo_mem_reg_0_15_0_5/ADDRD0
    SLICE_X54Y18         RAMD32                                       r  CHAIN_INST/GEN_SLOTS[9].GEN_STAGE_LUT_ROM.STAGE_INST/GEN_RESULT_FIFOS_EN.GEN_RESULT_FIFOS[0].RESULT_FIFO_INST/FIFO_INST/fifo_mem_reg_0_15_0_5/RAMA_D1/WADR0
  -------------------------------------------------------------------    -------------------

                         (clock sys_clk rise edge)    0.000     0.000 r  
                                                      0.000     0.000 r  i_clk (IN)
                         net (fo=15793, unset)        0.432     0.432    CHAIN_INST/GEN_SLOTS[9].GEN_STAGE_LUT_ROM.STAGE_INST/GEN_RESULT_FIFOS_EN.GEN_RESULT_FIFOS[0].RESULT_FIFO_INST/FIFO_INST/fifo_mem_reg_0_15_0_5/WCLK
    SLICE_X54Y18         RAMD32                                       r  CHAIN_INST/GEN_SLOTS[9].GEN_STAGE_LUT_ROM.STAGE_INST/GEN_RESULT_FIFOS_EN.GEN_RESULT_FIFOS[0].RESULT_FIFO_INST/FIFO_INST/fifo_mem_reg_0_15_0_5/RAMA_D1/CLK
                         clock pessimism              0.000     0.432    
    SLICE_X54Y18         RAMD32 (Hold_ramd32_CLK_WADR0)
                                                      0.310     0.742    CHAIN_INST/GEN_SLOTS[9].GEN_STAGE_LUT_ROM.STAGE_INST/GEN_RESULT_FIFOS_EN.GEN_RESULT_FIFOS[0].RESULT_FIFO_INST/FIFO_INST/fifo_mem_reg_0_15_0_5/RAMA_D1
  -------------------------------------------------------------------
                         required time                         -0.742    
                         arrival time                           0.780    
  -------------------------------------------------------------------
                         slack                                  0.038    

Slack (MET) :             0.038ns  (arrival time - required time)
  Source:                 CHAIN_INST/GEN_SLOTS[9].GEN_STAGE_LUT_ROM.STAGE_INST/GEN_RESULT_FIFOS_EN.GEN_RESULT_FIFOS[0].RESULT_FIFO_INST/FIFO_INST/wr_ptr_reg[0]/C
                            (rising edge-triggered cell FDRE clocked by sys_clk  {rise@0.000ns fall@3.800ns period=7.600ns})
  Destination:            CHAIN_INST/GEN_SLOTS[9].GEN_STAGE_LUT_ROM.STAGE_INST/GEN_RESULT_FIFOS_EN.GEN_RESULT_FIFOS[0].RESULT_FIFO_INST/FIFO_INST/fifo_mem_reg_0_15_0_5/RAMB/WADR0
                            (rising edge-triggered cell RAMD32 clocked by sys_clk  {rise@0.000ns fall@3.800ns period=7.600ns})
  Path Group:             sys_clk
  Path Type:              Hold (Min at Fast Process Corner)
  Requirement:            0.000ns  (sys_clk rise@0.000ns - sys_clk rise@0.000ns)
  Data Path Delay:        0.370ns  (logic 0.141ns (38.159%)  route 0.229ns (61.841%))
  Logic Levels:           0  
  Clock Path Skew:        0.022ns (DCD - SCD - CPR)
    Destination Clock Delay (DCD):    0.432ns
    Source Clock Delay      (SCD):    0.410ns
    Clock Pessimism Removal (CPR):    -0.000ns

    Location             Delay type                Incr(ns)  Path(ns)    Netlist Resource(s)
  -------------------------------------------------------------------    -------------------
                         (clock sys_clk rise edge)    0.000     0.000 r  
                                                      0.000     0.000 r  i_clk (IN)
                         net (fo=15793, unset)        0.410     0.410    CHAIN_INST/GEN_SLOTS[9].GEN_STAGE_LUT_ROM.STAGE_INST/GEN_RESULT_FIFOS_EN.GEN_RESULT_FIFOS[0].RESULT_FIFO_INST/FIFO_INST/i_clk
    SLICE_X55Y18         FDRE                                         r  CHAIN_INST/GEN_SLOTS[9].GEN_STAGE_LUT_ROM.STAGE_INST/GEN_RESULT_FIFOS_EN.GEN_RESULT_FIFOS[0].RESULT_FIFO_INST/FIFO_INST/wr_ptr_reg[0]/C
  -------------------------------------------------------------------    -------------------
    SLICE_X55Y18         FDRE (Prop_fdre_C_Q)         0.141     0.551 r  CHAIN_INST/GEN_SLOTS[9].GEN_STAGE_LUT_ROM.STAGE_INST/GEN_RESULT_FIFOS_EN.GEN_RESULT_FIFOS[0].RESULT_FIFO_INST/FIFO_INST/wr_ptr_reg[0]/Q
                         net (fo=52, routed)          0.229     0.780    CHAIN_INST/GEN_SLOTS[9].GEN_STAGE_LUT_ROM.STAGE_INST/GEN_RESULT_FIFOS_EN.GEN_RESULT_FIFOS[0].RESULT_FIFO_INST/FIFO_INST/fifo_mem_reg_0_15_0_5/ADDRD0
    SLICE_X54Y18         RAMD32                                       r  CHAIN_INST/GEN_SLOTS[9].GEN_STAGE_LUT_ROM.STAGE_INST/GEN_RESULT_FIFOS_EN.GEN_RESULT_FIFOS[0].RESULT_FIFO_INST/FIFO_INST/fifo_mem_reg_0_15_0_5/RAMB/WADR0
  -------------------------------------------------------------------    -------------------

                         (clock sys_clk rise edge)    0.000     0.000 r  
                                                      0.000     0.000 r  i_clk (IN)
                         net (fo=15793, unset)        0.432     0.432    CHAIN_INST/GEN_SLOTS[9].GEN_STAGE_LUT_ROM.STAGE_INST/GEN_RESULT_FIFOS_EN.GEN_RESULT_FIFOS[0].RESULT_FIFO_INST/FIFO_INST/fifo_mem_reg_0_15_0_5/WCLK
    SLICE_X54Y18         RAMD32                                       r  CHAIN_INST/GEN_SLOTS[9].GEN_STAGE_LUT_ROM.STAGE_INST/GEN_RESULT_FIFOS_EN.GEN_RESULT_FIFOS[0].RESULT_FIFO_INST/FIFO_INST/fifo_mem_reg_0_15_0_5/RAMB/CLK
                         clock pessimism              0.000     0.432    
    SLICE_X54Y18         RAMD32 (Hold_ramd32_CLK_WADR0)
                                                      0.310     0.742    CHAIN_INST/GEN_SLOTS[9].GEN_STAGE_LUT_ROM.STAGE_INST/GEN_RESULT_FIFOS_EN.GEN_RESULT_FIFOS[0].RESULT_FIFO_INST/FIFO_INST/fifo_mem_reg_0_15_0_5/RAMB
  -------------------------------------------------------------------
                         required time                         -0.742    
                         arrival time                           0.780    
  -------------------------------------------------------------------
                         slack                                  0.038    

Slack (MET) :             0.038ns  (arrival time - required time)
  Source:                 CHAIN_INST/GEN_SLOTS[9].GEN_STAGE_LUT_ROM.STAGE_INST/GEN_RESULT_FIFOS_EN.GEN_RESULT_FIFOS[0].RESULT_FIFO_INST/FIFO_INST/wr_ptr_reg[0]/C
                            (rising edge-triggered cell FDRE clocked by sys_clk  {rise@0.000ns fall@3.800ns period=7.600ns})
  Destination:            CHAIN_INST/GEN_SLOTS[9].GEN_STAGE_LUT_ROM.STAGE_INST/GEN_RESULT_FIFOS_EN.GEN_RESULT_FIFOS[0].RESULT_FIFO_INST/FIFO_INST/fifo_mem_reg_0_15_0_5/RAMB_D1/WADR0
                            (rising edge-triggered cell RAMD32 clocked by sys_clk  {rise@0.000ns fall@3.800ns period=7.600ns})
  Path Group:             sys_clk
  Path Type:              Hold (Min at Fast Process Corner)
  Requirement:            0.000ns  (sys_clk rise@0.000ns - sys_clk rise@0.000ns)
  Data Path Delay:        0.370ns  (logic 0.141ns (38.159%)  route 0.229ns (61.841%))
  Logic Levels:           0  
  Clock Path Skew:        0.022ns (DCD - SCD - CPR)
    Destination Clock Delay (DCD):    0.432ns
    Source Clock Delay      (SCD):    0.410ns
    Clock Pessimism Removal (CPR):    -0.000ns

    Location             Delay type                Incr(ns)  Path(ns)    Netlist Resource(s)
  -------------------------------------------------------------------    -------------------
                         (clock sys_clk rise edge)    0.000     0.000 r  
                                                      0.000     0.000 r  i_clk (IN)
                         net (fo=15793, unset)        0.410     0.410    CHAIN_INST/GEN_SLOTS[9].GEN_STAGE_LUT_ROM.STAGE_INST/GEN_RESULT_FIFOS_EN.GEN_RESULT_FIFOS[0].RESULT_FIFO_INST/FIFO_INST/i_clk
    SLICE_X55Y18         FDRE                                         r  CHAIN_INST/GEN_SLOTS[9].GEN_STAGE_LUT_ROM.STAGE_INST/GEN_RESULT_FIFOS_EN.GEN_RESULT_FIFOS[0].RESULT_FIFO_INST/FIFO_INST/wr_ptr_reg[0]/C
  -------------------------------------------------------------------    -------------------
    SLICE_X55Y18         FDRE (Prop_fdre_C_Q)         0.141     0.551 r  CHAIN_INST/GEN_SLOTS[9].GEN_STAGE_LUT_ROM.STAGE_INST/GEN_RESULT_FIFOS_EN.GEN_RESULT_FIFOS[0].RESULT_FIFO_INST/FIFO_INST/wr_ptr_reg[0]/Q
                         net (fo=52, routed)          0.229     0.780    CHAIN_INST/GEN_SLOTS[9].GEN_STAGE_LUT_ROM.STAGE_INST/GEN_RESULT_FIFOS_EN.GEN_RESULT_FIFOS[0].RESULT_FIFO_INST/FIFO_INST/fifo_mem_reg_0_15_0_5/ADDRD0
    SLICE_X54Y18         RAMD32                                       r  CHAIN_INST/GEN_SLOTS[9].GEN_STAGE_LUT_ROM.STAGE_INST/GEN_RESULT_FIFOS_EN.GEN_RESULT_FIFOS[0].RESULT_FIFO_INST/FIFO_INST/fifo_mem_reg_0_15_0_5/RAMB_D1/WADR0
  -------------------------------------------------------------------    -------------------

                         (clock sys_clk rise edge)    0.000     0.000 r  
                                                      0.000     0.000 r  i_clk (IN)
                         net (fo=15793, unset)        0.432     0.432    CHAIN_INST/GEN_SLOTS[9].GEN_STAGE_LUT_ROM.STAGE_INST/GEN_RESULT_FIFOS_EN.GEN_RESULT_FIFOS[0].RESULT_FIFO_INST/FIFO_INST/fifo_mem_reg_0_15_0_5/WCLK
    SLICE_X54Y18         RAMD32                                       r  CHAIN_INST/GEN_SLOTS[9].GEN_STAGE_LUT_ROM.STAGE_INST/GEN_RESULT_FIFOS_EN.GEN_RESULT_FIFOS[0].RESULT_FIFO_INST/FIFO_INST/fifo_mem_reg_0_15_0_5/RAMB_D1/CLK
                         clock pessimism              0.000     0.432    
    SLICE_X54Y18         RAMD32 (Hold_ramd32_CLK_WADR0)
                                                      0.310     0.742    CHAIN_INST/GEN_SLOTS[9].GEN_STAGE_LUT_ROM.STAGE_INST/GEN_RESULT_FIFOS_EN.GEN_RESULT_FIFOS[0].RESULT_FIFO_INST/FIFO_INST/fifo_mem_reg_0_15_0_5/RAMB_D1
  -------------------------------------------------------------------
                         required time                         -0.742    
                         arrival time                           0.780    
  -------------------------------------------------------------------
                         slack                                  0.038    

Slack (MET) :             0.038ns  (arrival time - required time)
  Source:                 CHAIN_INST/GEN_SLOTS[9].GEN_STAGE_LUT_ROM.STAGE_INST/GEN_RESULT_FIFOS_EN.GEN_RESULT_FIFOS[0].RESULT_FIFO_INST/FIFO_INST/wr_ptr_reg[0]/C
                            (rising edge-triggered cell FDRE clocked by sys_clk  {rise@0.000ns fall@3.800ns period=7.600ns})
  Destination:            CHAIN_INST/GEN_SLOTS[9].GEN_STAGE_LUT_ROM.STAGE_INST/GEN_RESULT_FIFOS_EN.GEN_RESULT_FIFOS[0].RESULT_FIFO_INST/FIFO_INST/fifo_mem_reg_0_15_0_5/RAMC/WADR0
                            (rising edge-triggered cell RAMD32 clocked by sys_clk  {rise@0.000ns fall@3.800ns period=7.600ns})
  Path Group:             sys_clk
  Path Type:              Hold (Min at Fast Process Corner)
  Requirement:            0.000ns  (sys_clk rise@0.000ns - sys_clk rise@0.000ns)
  Data Path Delay:        0.370ns  (logic 0.141ns (38.159%)  route 0.229ns (61.841%))
  Logic Levels:           0  
  Clock Path Skew:        0.022ns (DCD - SCD - CPR)
    Destination Clock Delay (DCD):    0.432ns
    Source Clock Delay      (SCD):    0.410ns
    Clock Pessimism Removal (CPR):    -0.000ns

    Location             Delay type                Incr(ns)  Path(ns)    Netlist Resource(s)
  -------------------------------------------------------------------    -------------------
                         (clock sys_clk rise edge)    0.000     0.000 r  
                                                      0.000     0.000 r  i_clk (IN)
                         net (fo=15793, unset)        0.410     0.410    CHAIN_INST/GEN_SLOTS[9].GEN_STAGE_LUT_ROM.STAGE_INST/GEN_RESULT_FIFOS_EN.GEN_RESULT_FIFOS[0].RESULT_FIFO_INST/FIFO_INST/i_clk
    SLICE_X55Y18         FDRE                                         r  CHAIN_INST/GEN_SLOTS[9].GEN_STAGE_LUT_ROM.STAGE_INST/GEN_RESULT_FIFOS_EN.GEN_RESULT_FIFOS[0].RESULT_FIFO_INST/FIFO_INST/wr_ptr_reg[0]/C
  -------------------------------------------------------------------    -------------------
    SLICE_X55Y18         FDRE (Prop_fdre_C_Q)         0.141     0.551 r  CHAIN_INST/GEN_SLOTS[9].GEN_STAGE_LUT_ROM.STAGE_INST/GEN_RESULT_FIFOS_EN.GEN_RESULT_FIFOS[0].RESULT_FIFO_INST/FIFO_INST/wr_ptr_reg[0]/Q
                         net (fo=52, routed)          0.229     0.780    CHAIN_INST/GEN_SLOTS[9].GEN_STAGE_LUT_ROM.STAGE_INST/GEN_RESULT_FIFOS_EN.GEN_RESULT_FIFOS[0].RESULT_FIFO_INST/FIFO_INST/fifo_mem_reg_0_15_0_5/ADDRD0
    SLICE_X54Y18         RAMD32                                       r  CHAIN_INST/GEN_SLOTS[9].GEN_STAGE_LUT_ROM.STAGE_INST/GEN_RESULT_FIFOS_EN.GEN_RESULT_FIFOS[0].RESULT_FIFO_INST/FIFO_INST/fifo_mem_reg_0_15_0_5/RAMC/WADR0
  -------------------------------------------------------------------    -------------------

                         (clock sys_clk rise edge)    0.000     0.000 r  
                                                      0.000     0.000 r  i_clk (IN)
                         net (fo=15793, unset)        0.432     0.432    CHAIN_INST/GEN_SLOTS[9].GEN_STAGE_LUT_ROM.STAGE_INST/GEN_RESULT_FIFOS_EN.GEN_RESULT_FIFOS[0].RESULT_FIFO_INST/FIFO_INST/fifo_mem_reg_0_15_0_5/WCLK
    SLICE_X54Y18         RAMD32                                       r  CHAIN_INST/GEN_SLOTS[9].GEN_STAGE_LUT_ROM.STAGE_INST/GEN_RESULT_FIFOS_EN.GEN_RESULT_FIFOS[0].RESULT_FIFO_INST/FIFO_INST/fifo_mem_reg_0_15_0_5/RAMC/CLK
                         clock pessimism              0.000     0.432    
    SLICE_X54Y18         RAMD32 (Hold_ramd32_CLK_WADR0)
                                                      0.310     0.742    CHAIN_INST/GEN_SLOTS[9].GEN_STAGE_LUT_ROM.STAGE_INST/GEN_RESULT_FIFOS_EN.GEN_RESULT_FIFOS[0].RESULT_FIFO_INST/FIFO_INST/fifo_mem_reg_0_15_0_5/RAMC
  -------------------------------------------------------------------
                         required time                         -0.742    
                         arrival time                           0.780    
  -------------------------------------------------------------------
                         slack                                  0.038    

Slack (MET) :             0.038ns  (arrival time - required time)
  Source:                 CHAIN_INST/GEN_SLOTS[9].GEN_STAGE_LUT_ROM.STAGE_INST/GEN_RESULT_FIFOS_EN.GEN_RESULT_FIFOS[0].RESULT_FIFO_INST/FIFO_INST/wr_ptr_reg[0]/C
                            (rising edge-triggered cell FDRE clocked by sys_clk  {rise@0.000ns fall@3.800ns period=7.600ns})
  Destination:            CHAIN_INST/GEN_SLOTS[9].GEN_STAGE_LUT_ROM.STAGE_INST/GEN_RESULT_FIFOS_EN.GEN_RESULT_FIFOS[0].RESULT_FIFO_INST/FIFO_INST/fifo_mem_reg_0_15_0_5/RAMC_D1/WADR0
                            (rising edge-triggered cell RAMD32 clocked by sys_clk  {rise@0.000ns fall@3.800ns period=7.600ns})
  Path Group:             sys_clk
  Path Type:              Hold (Min at Fast Process Corner)
  Requirement:            0.000ns  (sys_clk rise@0.000ns - sys_clk rise@0.000ns)
  Data Path Delay:        0.370ns  (logic 0.141ns (38.159%)  route 0.229ns (61.841%))
  Logic Levels:           0  
  Clock Path Skew:        0.022ns (DCD - SCD - CPR)
    Destination Clock Delay (DCD):    0.432ns
    Source Clock Delay      (SCD):    0.410ns
    Clock Pessimism Removal (CPR):    -0.000ns

    Location             Delay type                Incr(ns)  Path(ns)    Netlist Resource(s)
  -------------------------------------------------------------------    -------------------
                         (clock sys_clk rise edge)    0.000     0.000 r  
                                                      0.000     0.000 r  i_clk (IN)
                         net (fo=15793, unset)        0.410     0.410    CHAIN_INST/GEN_SLOTS[9].GEN_STAGE_LUT_ROM.STAGE_INST/GEN_RESULT_FIFOS_EN.GEN_RESULT_FIFOS[0].RESULT_FIFO_INST/FIFO_INST/i_clk
    SLICE_X55Y18         FDRE                                         r  CHAIN_INST/GEN_SLOTS[9].GEN_STAGE_LUT_ROM.STAGE_INST/GEN_RESULT_FIFOS_EN.GEN_RESULT_FIFOS[0].RESULT_FIFO_INST/FIFO_INST/wr_ptr_reg[0]/C
  -------------------------------------------------------------------    -------------------
    SLICE_X55Y18         FDRE (Prop_fdre_C_Q)         0.141     0.551 r  CHAIN_INST/GEN_SLOTS[9].GEN_STAGE_LUT_ROM.STAGE_INST/GEN_RESULT_FIFOS_EN.GEN_RESULT_FIFOS[0].RESULT_FIFO_INST/FIFO_INST/wr_ptr_reg[0]/Q
                         net (fo=52, routed)          0.229     0.780    CHAIN_INST/GEN_SLOTS[9].GEN_STAGE_LUT_ROM.STAGE_INST/GEN_RESULT_FIFOS_EN.GEN_RESULT_FIFOS[0].RESULT_FIFO_INST/FIFO_INST/fifo_mem_reg_0_15_0_5/ADDRD0
    SLICE_X54Y18         RAMD32                                       r  CHAIN_INST/GEN_SLOTS[9].GEN_STAGE_LUT_ROM.STAGE_INST/GEN_RESULT_FIFOS_EN.GEN_RESULT_FIFOS[0].RESULT_FIFO_INST/FIFO_INST/fifo_mem_reg_0_15_0_5/RAMC_D1/WADR0
  -------------------------------------------------------------------    -------------------

                         (clock sys_clk rise edge)    0.000     0.000 r  
                                                      0.000     0.000 r  i_clk (IN)
                         net (fo=15793, unset)        0.432     0.432    CHAIN_INST/GEN_SLOTS[9].GEN_STAGE_LUT_ROM.STAGE_INST/GEN_RESULT_FIFOS_EN.GEN_RESULT_FIFOS[0].RESULT_FIFO_INST/FIFO_INST/fifo_mem_reg_0_15_0_5/WCLK
    SLICE_X54Y18         RAMD32                                       r  CHAIN_INST/GEN_SLOTS[9].GEN_STAGE_LUT_ROM.STAGE_INST/GEN_RESULT_FIFOS_EN.GEN_RESULT_FIFOS[0].RESULT_FIFO_INST/FIFO_INST/fifo_mem_reg_0_15_0_5/RAMC_D1/CLK
                         clock pessimism              0.000     0.432    
    SLICE_X54Y18         RAMD32 (Hold_ramd32_CLK_WADR0)
                                                      0.310     0.742    CHAIN_INST/GEN_SLOTS[9].GEN_STAGE_LUT_ROM.STAGE_INST/GEN_RESULT_FIFOS_EN.GEN_RESULT_FIFOS[0].RESULT_FIFO_INST/FIFO_INST/fifo_mem_reg_0_15_0_5/RAMC_D1
  -------------------------------------------------------------------
                         required time                         -0.742    
                         arrival time                           0.780    
  -------------------------------------------------------------------
                         slack                                  0.038    

Slack (MET) :             0.038ns  (arrival time - required time)
  Source:                 CHAIN_INST/GEN_SLOTS[9].GEN_STAGE_LUT_ROM.STAGE_INST/GEN_RESULT_FIFOS_EN.GEN_RESULT_FIFOS[0].RESULT_FIFO_INST/FIFO_INST/wr_ptr_reg[0]/C
                            (rising edge-triggered cell FDRE clocked by sys_clk  {rise@0.000ns fall@3.800ns period=7.600ns})
  Destination:            CHAIN_INST/GEN_SLOTS[9].GEN_STAGE_LUT_ROM.STAGE_INST/GEN_RESULT_FIFOS_EN.GEN_RESULT_FIFOS[0].RESULT_FIFO_INST/FIFO_INST/fifo_mem_reg_0_15_0_5/RAMD/ADR0
                            (rising edge-triggered cell RAMS32 clocked by sys_clk  {rise@0.000ns fall@3.800ns period=7.600ns})
  Path Group:             sys_clk
  Path Type:              Hold (Min at Fast Process Corner)
  Requirement:            0.000ns  (sys_clk rise@0.000ns - sys_clk rise@0.000ns)
  Data Path Delay:        0.370ns  (logic 0.141ns (38.159%)  route 0.229ns (61.841%))
  Logic Levels:           0  
  Clock Path Skew:        0.022ns (DCD - SCD - CPR)
    Destination Clock Delay (DCD):    0.432ns
    Source Clock Delay      (SCD):    0.410ns
    Clock Pessimism Removal (CPR):    -0.000ns

    Location             Delay type                Incr(ns)  Path(ns)    Netlist Resource(s)
  -------------------------------------------------------------------    -------------------
                         (clock sys_clk rise edge)    0.000     0.000 r  
                                                      0.000     0.000 r  i_clk (IN)
                         net (fo=15793, unset)        0.410     0.410    CHAIN_INST/GEN_SLOTS[9].GEN_STAGE_LUT_ROM.STAGE_INST/GEN_RESULT_FIFOS_EN.GEN_RESULT_FIFOS[0].RESULT_FIFO_INST/FIFO_INST/i_clk
    SLICE_X55Y18         FDRE                                         r  CHAIN_INST/GEN_SLOTS[9].GEN_STAGE_LUT_ROM.STAGE_INST/GEN_RESULT_FIFOS_EN.GEN_RESULT_FIFOS[0].RESULT_FIFO_INST/FIFO_INST/wr_ptr_reg[0]/C
  -------------------------------------------------------------------    -------------------
    SLICE_X55Y18         FDRE (Prop_fdre_C_Q)         0.141     0.551 r  CHAIN_INST/GEN_SLOTS[9].GEN_STAGE_LUT_ROM.STAGE_INST/GEN_RESULT_FIFOS_EN.GEN_RESULT_FIFOS[0].RESULT_FIFO_INST/FIFO_INST/wr_ptr_reg[0]/Q
                         net (fo=52, routed)          0.229     0.780    CHAIN_INST/GEN_SLOTS[9].GEN_STAGE_LUT_ROM.STAGE_INST/GEN_RESULT_FIFOS_EN.GEN_RESULT_FIFOS[0].RESULT_FIFO_INST/FIFO_INST/fifo_mem_reg_0_15_0_5/ADDRD0
    SLICE_X54Y18         RAMS32                                       r  CHAIN_INST/GEN_SLOTS[9].GEN_STAGE_LUT_ROM.STAGE_INST/GEN_RESULT_FIFOS_EN.GEN_RESULT_FIFOS[0].RESULT_FIFO_INST/FIFO_INST/fifo_mem_reg_0_15_0_5/RAMD/ADR0
  -------------------------------------------------------------------    -------------------

                         (clock sys_clk rise edge)    0.000     0.000 r  
                                                      0.000     0.000 r  i_clk (IN)
                         net (fo=15793, unset)        0.432     0.432    CHAIN_INST/GEN_SLOTS[9].GEN_STAGE_LUT_ROM.STAGE_INST/GEN_RESULT_FIFOS_EN.GEN_RESULT_FIFOS[0].RESULT_FIFO_INST/FIFO_INST/fifo_mem_reg_0_15_0_5/WCLK
    SLICE_X54Y18         RAMS32                                       r  CHAIN_INST/GEN_SLOTS[9].GEN_STAGE_LUT_ROM.STAGE_INST/GEN_RESULT_FIFOS_EN.GEN_RESULT_FIFOS[0].RESULT_FIFO_INST/FIFO_INST/fifo_mem_reg_0_15_0_5/RAMD/CLK
                         clock pessimism              0.000     0.432    
    SLICE_X54Y18         RAMS32 (Hold_rams32_CLK_ADR0)
                                                      0.310     0.742    CHAIN_INST/GEN_SLOTS[9].GEN_STAGE_LUT_ROM.STAGE_INST/GEN_RESULT_FIFOS_EN.GEN_RESULT_FIFOS[0].RESULT_FIFO_INST/FIFO_INST/fifo_mem_reg_0_15_0_5/RAMD
  -------------------------------------------------------------------
                         required time                         -0.742    
                         arrival time                           0.780    
  -------------------------------------------------------------------
                         slack                                  0.038    

Slack (MET) :             0.038ns  (arrival time - required time)
  Source:                 CHAIN_INST/GEN_SLOTS[9].GEN_STAGE_LUT_ROM.STAGE_INST/GEN_RESULT_FIFOS_EN.GEN_RESULT_FIFOS[0].RESULT_FIFO_INST/FIFO_INST/wr_ptr_reg[0]/C
                            (rising edge-triggered cell FDRE clocked by sys_clk  {rise@0.000ns fall@3.800ns period=7.600ns})
  Destination:            CHAIN_INST/GEN_SLOTS[9].GEN_STAGE_LUT_ROM.STAGE_INST/GEN_RESULT_FIFOS_EN.GEN_RESULT_FIFOS[0].RESULT_FIFO_INST/FIFO_INST/fifo_mem_reg_0_15_0_5/RAMD_D1/ADR0
                            (rising edge-triggered cell RAMS32 clocked by sys_clk  {rise@0.000ns fall@3.800ns period=7.600ns})
  Path Group:             sys_clk
  Path Type:              Hold (Min at Fast Process Corner)
  Requirement:            0.000ns  (sys_clk rise@0.000ns - sys_clk rise@0.000ns)
  Data Path Delay:        0.370ns  (logic 0.141ns (38.159%)  route 0.229ns (61.841%))
  Logic Levels:           0  
  Clock Path Skew:        0.022ns (DCD - SCD - CPR)
    Destination Clock Delay (DCD):    0.432ns
    Source Clock Delay      (SCD):    0.410ns
    Clock Pessimism Removal (CPR):    -0.000ns

    Location             Delay type                Incr(ns)  Path(ns)    Netlist Resource(s)
  -------------------------------------------------------------------    -------------------
                         (clock sys_clk rise edge)    0.000     0.000 r  
                                                      0.000     0.000 r  i_clk (IN)
                         net (fo=15793, unset)        0.410     0.410    CHAIN_INST/GEN_SLOTS[9].GEN_STAGE_LUT_ROM.STAGE_INST/GEN_RESULT_FIFOS_EN.GEN_RESULT_FIFOS[0].RESULT_FIFO_INST/FIFO_INST/i_clk
    SLICE_X55Y18         FDRE                                         r  CHAIN_INST/GEN_SLOTS[9].GEN_STAGE_LUT_ROM.STAGE_INST/GEN_RESULT_FIFOS_EN.GEN_RESULT_FIFOS[0].RESULT_FIFO_INST/FIFO_INST/wr_ptr_reg[0]/C
  -------------------------------------------------------------------    -------------------
    SLICE_X55Y18         FDRE (Prop_fdre_C_Q)         0.141     0.551 r  CHAIN_INST/GEN_SLOTS[9].GEN_STAGE_LUT_ROM.STAGE_INST/GEN_RESULT_FIFOS_EN.GEN_RESULT_FIFOS[0].RESULT_FIFO_INST/FIFO_INST/wr_ptr_reg[0]/Q
                         net (fo=52, routed)          0.229     0.780    CHAIN_INST/GEN_SLOTS[9].GEN_STAGE_LUT_ROM.STAGE_INST/GEN_RESULT_FIFOS_EN.GEN_RESULT_FIFOS[0].RESULT_FIFO_INST/FIFO_INST/fifo_mem_reg_0_15_0_5/ADDRD0
    SLICE_X54Y18         RAMS32                                       r  CHAIN_INST/GEN_SLOTS[9].GEN_STAGE_LUT_ROM.STAGE_INST/GEN_RESULT_FIFOS_EN.GEN_RESULT_FIFOS[0].RESULT_FIFO_INST/FIFO_INST/fifo_mem_reg_0_15_0_5/RAMD_D1/ADR0
  -------------------------------------------------------------------    -------------------

                         (clock sys_clk rise edge)    0.000     0.000 r  
                                                      0.000     0.000 r  i_clk (IN)
                         net (fo=15793, unset)        0.432     0.432    CHAIN_INST/GEN_SLOTS[9].GEN_STAGE_LUT_ROM.STAGE_INST/GEN_RESULT_FIFOS_EN.GEN_RESULT_FIFOS[0].RESULT_FIFO_INST/FIFO_INST/fifo_mem_reg_0_15_0_5/WCLK
    SLICE_X54Y18         RAMS32                                       r  CHAIN_INST/GEN_SLOTS[9].GEN_STAGE_LUT_ROM.STAGE_INST/GEN_RESULT_FIFOS_EN.GEN_RESULT_FIFOS[0].RESULT_FIFO_INST/FIFO_INST/fifo_mem_reg_0_15_0_5/RAMD_D1/CLK
                         clock pessimism              0.000     0.432    
    SLICE_X54Y18         RAMS32 (Hold_rams32_CLK_ADR0)
                                                      0.310     0.742    CHAIN_INST/GEN_SLOTS[9].GEN_STAGE_LUT_ROM.STAGE_INST/GEN_RESULT_FIFOS_EN.GEN_RESULT_FIFOS[0].RESULT_FIFO_INST/FIFO_INST/fifo_mem_reg_0_15_0_5/RAMD_D1
  -------------------------------------------------------------------
                         required time                         -0.742    
                         arrival time                           0.780    
  -------------------------------------------------------------------
                         slack                                  0.038    

Slack (MET) :             0.050ns  (arrival time - required time)
  Source:                 CHAIN_INST/GEN_SLOTS[5].GEN_STAGE_BRAM_ROM.STAGE_INST/GEN_ROT_MULT.rot_word_d_reg[1][re][-9]/C
                            (rising edge-triggered cell FDRE clocked by sys_clk  {rise@0.000ns fall@3.800ns period=7.600ns})
  Destination:            CHAIN_INST/GEN_SLOTS[5].GEN_STAGE_BRAM_ROM.STAGE_INST/GEN_ROT_MULT.rot_word_d_reg[5][re][-9]_srl4/D
                            (rising edge-triggered cell SRL16E clocked by sys_clk  {rise@0.000ns fall@3.800ns period=7.600ns})
  Path Group:             sys_clk
  Path Type:              Hold (Min at Fast Process Corner)
  Requirement:            0.000ns  (sys_clk rise@0.000ns - sys_clk rise@0.000ns)
  Data Path Delay:        0.255ns  (logic 0.141ns (55.281%)  route 0.114ns (44.719%))
  Logic Levels:           0  
  Clock Path Skew:        0.022ns (DCD - SCD - CPR)
    Destination Clock Delay (DCD):    0.432ns
    Source Clock Delay      (SCD):    0.410ns
    Clock Pessimism Removal (CPR):    -0.000ns

    Location             Delay type                Incr(ns)  Path(ns)    Netlist Resource(s)
  -------------------------------------------------------------------    -------------------
                         (clock sys_clk rise edge)    0.000     0.000 r  
                                                      0.000     0.000 r  i_clk (IN)
                         net (fo=15793, unset)        0.410     0.410    CHAIN_INST/GEN_SLOTS[5].GEN_STAGE_BRAM_ROM.STAGE_INST/i_clk
    SLICE_X9Y43          FDRE                                         r  CHAIN_INST/GEN_SLOTS[5].GEN_STAGE_BRAM_ROM.STAGE_INST/GEN_ROT_MULT.rot_word_d_reg[1][re][-9]/C
  -------------------------------------------------------------------    -------------------
    SLICE_X9Y43          FDRE (Prop_fdre_C_Q)         0.141     0.551 r  CHAIN_INST/GEN_SLOTS[5].GEN_STAGE_BRAM_ROM.STAGE_INST/GEN_ROT_MULT.rot_word_d_reg[1][re][-9]/Q
                         net (fo=1, routed)           0.114     0.665    CHAIN_INST/GEN_SLOTS[5].GEN_STAGE_BRAM_ROM.STAGE_INST/GEN_ROT_MULT.rot_word_d_reg[1][re][7]
    SLICE_X10Y42         SRL16E                                       r  CHAIN_INST/GEN_SLOTS[5].GEN_STAGE_BRAM_ROM.STAGE_INST/GEN_ROT_MULT.rot_word_d_reg[5][re][-9]_srl4/D
  -------------------------------------------------------------------    -------------------

                         (clock sys_clk rise edge)    0.000     0.000 r  
                                                      0.000     0.000 r  i_clk (IN)
                         net (fo=15793, unset)        0.432     0.432    CHAIN_INST/GEN_SLOTS[5].GEN_STAGE_BRAM_ROM.STAGE_INST/i_clk
    SLICE_X10Y42         SRL16E                                       r  CHAIN_INST/GEN_SLOTS[5].GEN_STAGE_BRAM_ROM.STAGE_INST/GEN_ROT_MULT.rot_word_d_reg[5][re][-9]_srl4/CLK
                         clock pessimism              0.000     0.432    
    SLICE_X10Y42         SRL16E (Hold_srl16e_CLK_D)
                                                      0.183     0.615    CHAIN_INST/GEN_SLOTS[5].GEN_STAGE_BRAM_ROM.STAGE_INST/GEN_ROT_MULT.rot_word_d_reg[5][re][-9]_srl4
  -------------------------------------------------------------------
                         required time                         -0.615    
                         arrival time                           0.665    
  -------------------------------------------------------------------
                         slack                                  0.050    

Slack (MET) :             0.052ns  (arrival time - required time)
  Source:                 CHAIN_INST/GEN_SLOTS[9].GEN_STAGE_LUT_ROM.STAGE_INST/GEN_RESULT_FIFOS_EN.GEN_RESULT_FIFOS[1].RESULT_FIFO_INST/FIFO_INST/wr_ptr_reg[0]/C
                            (rising edge-triggered cell FDRE clocked by sys_clk  {rise@0.000ns fall@3.800ns period=7.600ns})
  Destination:            CHAIN_INST/GEN_SLOTS[9].GEN_STAGE_LUT_ROM.STAGE_INST/GEN_RESULT_FIFOS_EN.GEN_RESULT_FIFOS[1].RESULT_FIFO_INST/FIFO_INST/fifo_mem_reg_0_15_0_5/RAMA/WADR0
                            (rising edge-triggered cell RAMD32 clocked by sys_clk  {rise@0.000ns fall@3.800ns period=7.600ns})
  Path Group:             sys_clk
  Path Type:              Hold (Min at Fast Process Corner)
  Requirement:            0.000ns  (sys_clk rise@0.000ns - sys_clk rise@0.000ns)
  Data Path Delay:        0.384ns  (logic 0.141ns (36.737%)  route 0.243ns (63.263%))
  Logic Levels:           0  
  Clock Path Skew:        0.022ns (DCD - SCD - CPR)
    Destination Clock Delay (DCD):    0.432ns
    Source Clock Delay      (SCD):    0.410ns
    Clock Pessimism Removal (CPR):    -0.000ns

    Location             Delay type                Incr(ns)  Path(ns)    Netlist Resource(s)
  -------------------------------------------------------------------    -------------------
                         (clock sys_clk rise edge)    0.000     0.000 r  
                                                      0.000     0.000 r  i_clk (IN)
                         net (fo=15793, unset)        0.410     0.410    CHAIN_INST/GEN_SLOTS[9].GEN_STAGE_LUT_ROM.STAGE_INST/GEN_RESULT_FIFOS_EN.GEN_RESULT_FIFOS[1].RESULT_FIFO_INST/FIFO_INST/i_clk
    SLICE_X43Y18         FDRE                                         r  CHAIN_INST/GEN_SLOTS[9].GEN_STAGE_LUT_ROM.STAGE_INST/GEN_RESULT_FIFOS_EN.GEN_RESULT_FIFOS[1].RESULT_FIFO_INST/FIFO_INST/wr_ptr_reg[0]/C
  -------------------------------------------------------------------    -------------------
    SLICE_X43Y18         FDRE (Prop_fdre_C_Q)         0.141     0.551 r  CHAIN_INST/GEN_SLOTS[9].GEN_STAGE_LUT_ROM.STAGE_INST/GEN_RESULT_FIFOS_EN.GEN_RESULT_FIFOS[1].RESULT_FIFO_INST/FIFO_INST/wr_ptr_reg[0]/Q
                         net (fo=52, routed)          0.243     0.794    CHAIN_INST/GEN_SLOTS[9].GEN_STAGE_LUT_ROM.STAGE_INST/GEN_RESULT_FIFOS_EN.GEN_RESULT_FIFOS[1].RESULT_FIFO_INST/FIFO_INST/fifo_mem_reg_0_15_0_5/ADDRD0
    SLICE_X42Y18         RAMD32                                       r  CHAIN_INST/GEN_SLOTS[9].GEN_STAGE_LUT_ROM.STAGE_INST/GEN_RESULT_FIFOS_EN.GEN_RESULT_FIFOS[1].RESULT_FIFO_INST/FIFO_INST/fifo_mem_reg_0_15_0_5/RAMA/WADR0
  -------------------------------------------------------------------    -------------------

                         (clock sys_clk rise edge)    0.000     0.000 r  
                                                      0.000     0.000 r  i_clk (IN)
                         net (fo=15793, unset)        0.432     0.432    CHAIN_INST/GEN_SLOTS[9].GEN_STAGE_LUT_ROM.STAGE_INST/GEN_RESULT_FIFOS_EN.GEN_RESULT_FIFOS[1].RESULT_FIFO_INST/FIFO_INST/fifo_mem_reg_0_15_0_5/WCLK
    SLICE_X42Y18         RAMD32                                       r  CHAIN_INST/GEN_SLOTS[9].GEN_STAGE_LUT_ROM.STAGE_INST/GEN_RESULT_FIFOS_EN.GEN_RESULT_FIFOS[1].RESULT_FIFO_INST/FIFO_INST/fifo_mem_reg_0_15_0_5/RAMA/CLK
                         clock pessimism              0.000     0.432    
    SLICE_X42Y18         RAMD32 (Hold_ramd32_CLK_WADR0)
                                                      0.310     0.742    CHAIN_INST/GEN_SLOTS[9].GEN_STAGE_LUT_ROM.STAGE_INST/GEN_RESULT_FIFOS_EN.GEN_RESULT_FIFOS[1].RESULT_FIFO_INST/FIFO_INST/fifo_mem_reg_0_15_0_5/RAMA
  -------------------------------------------------------------------
                         required time                         -0.742    
                         arrival time                           0.794    
  -------------------------------------------------------------------
                         slack                                  0.052    





Pulse Width Checks
--------------------------------------------------------------------------------------
Clock Name:         sys_clk
Waveform(ns):       { 0.000 3.800 }
Period(ns):         7.600
Sources:            { i_clk }

Check Type        Corner  Lib Pin      Reference Pin  Required(ns)  Actual(ns)  Slack(ns)  Location      Pin
Min Period        n/a     DSP48E1/CLK  n/a            3.884         7.600       3.716      DSP48_X1Y4    CHAIN_INST/GEN_SLOTS[0].GEN_STAGE_BRAM_ROM.STAGE_INST/GEN_ROT_MULT.ROTATOR_INST/GEN_PIPE.p_ac_reg/CLK
Min Period        n/a     DSP48E1/CLK  n/a            3.884         7.600       3.716      DSP48_X3Y6    CHAIN_INST/GEN_SLOTS[10].GEN_STAGE_LUT_ROM.STAGE_INST/PREADDER_INST/GEN_235_PIPE.r2_r_reg[im]/CLK
Min Period        n/a     DSP48E1/CLK  n/a            3.884         7.600       3.716      DSP48_X3Y2    CHAIN_INST/GEN_SLOTS[10].GEN_STAGE_LUT_ROM.STAGE_INST/PREADDER_INST/GEN_235_PIPE.r2_r_reg[re]/CLK
Min Period        n/a     DSP48E1/CLK  n/a            3.884         7.600       3.716      DSP48_X3Y4    CHAIN_INST/GEN_SLOTS[10].GEN_STAGE_LUT_ROM.STAGE_INST/PREADDER_INST/GEN_235_PIPE.r3_r_reg[im]/CLK
Min Period        n/a     DSP48E1/CLK  n/a            3.884         7.600       3.716      DSP48_X3Y3    CHAIN_INST/GEN_SLOTS[10].GEN_STAGE_LUT_ROM.STAGE_INST/PREADDER_INST/GEN_235_PIPE.r3_r_reg[re]/CLK
Min Period        n/a     DSP48E1/CLK  n/a            3.884         7.600       3.716      DSP48_X2Y4    CHAIN_INST/GEN_SLOTS[2].GEN_STAGE_BRAM_ROM.STAGE_INST/GEN_ROT_MULT.ROTATOR_INST/GEN_PIPE.p_ac_reg/CLK
Min Period        n/a     DSP48E1/CLK  n/a            3.884         7.600       3.716      DSP48_X1Y8    CHAIN_INST/GEN_SLOTS[3].GEN_STAGE_BRAM_ROM.STAGE_INST/GEN_ROT_MULT.ROTATOR_INST/GEN_PIPE.p_ac_reg/CLK
Min Period        n/a     DSP48E1/CLK  n/a            3.884         7.600       3.716      DSP48_X0Y10   CHAIN_INST/GEN_SLOTS[4].GEN_STAGE_BRAM_ROM.STAGE_INST/GEN_ROT_MULT.ROTATOR_INST/GEN_PIPE.p_ac_reg/CLK
Min Period        n/a     DSP48E1/CLK  n/a            3.884         7.600       3.716      DSP48_X0Y13   CHAIN_INST/GEN_SLOTS[5].GEN_STAGE_BRAM_ROM.STAGE_INST/PREADDER_INST/GEN_23_PIPE.r1_r_reg[im]/CLK
Min Period        n/a     DSP48E1/CLK  n/a            3.884         7.600       3.716      DSP48_X0Y14   CHAIN_INST/GEN_SLOTS[5].GEN_STAGE_BRAM_ROM.STAGE_INST/PREADDER_INST/GEN_23_PIPE.r1_r_reg[re]/CLK
Low Pulse Width   Slow    RAMD32/CLK   n/a            1.250         3.800       2.550      SLICE_X82Y56  CHAIN_INST/GEN_FIFOS[0].FIFO_INST/FIFO_INST/fifo_mem_reg_0_31_0_5/RAMA/CLK
Low Pulse Width   Fast    RAMD32/CLK   n/a            1.250         3.800       2.550      SLICE_X82Y56  CHAIN_INST/GEN_FIFOS[0].FIFO_INST/FIFO_INST/fifo_mem_reg_0_31_0_5/RAMA/CLK
Low Pulse Width   Slow    RAMD32/CLK   n/a            1.250         3.800       2.550      SLICE_X82Y56  CHAIN_INST/GEN_FIFOS[0].FIFO_INST/FIFO_INST/fifo_mem_reg_0_31_0_5/RAMA_D1/CLK
Low Pulse Width   Fast    RAMD32/CLK   n/a            1.250         3.800       2.550      SLICE_X82Y56  CHAIN_INST/GEN_FIFOS[0].FIFO_INST/FIFO_INST/fifo_mem_reg_0_31_0_5/RAMA_D1/CLK
Low Pulse Width   Slow    RAMD32/CLK   n/a            1.250         3.800       2.550      SLICE_X82Y56  CHAIN_INST/GEN_FIFOS[0].FIFO_INST/FIFO_INST/fifo_mem_reg_0_31_0_5/RAMB/CLK
Low Pulse Width   Fast    RAMD32/CLK   n/a            1.250         3.800       2.550      SLICE_X82Y56  CHAIN_INST/GEN_FIFOS[0].FIFO_INST/FIFO_INST/fifo_mem_reg_0_31_0_5/RAMB/CLK
Low Pulse Width   Slow    RAMD32/CLK   n/a            1.250         3.800       2.550      SLICE_X82Y56  CHAIN_INST/GEN_FIFOS[0].FIFO_INST/FIFO_INST/fifo_mem_reg_0_31_0_5/RAMB_D1/CLK
Low Pulse Width   Fast    RAMD32/CLK   n/a            1.250         3.800       2.550      SLICE_X82Y56  CHAIN_INST/GEN_FIFOS[0].FIFO_INST/FIFO_INST/fifo_mem_reg_0_31_0_5/RAMB_D1/CLK
Low Pulse Width   Slow    RAMD32/CLK   n/a            1.250         3.800       2.550      SLICE_X82Y56  CHAIN_INST/GEN_FIFOS[0].FIFO_INST/FIFO_INST/fifo_mem_reg_0_31_0_5/RAMC/CLK
Low Pulse Width   Fast    RAMD32/CLK   n/a            1.250         3.800       2.550      SLICE_X82Y56  CHAIN_INST/GEN_FIFOS[0].FIFO_INST/FIFO_INST/fifo_mem_reg_0_31_0_5/RAMC/CLK
High Pulse Width  Slow    RAMD32/CLK   n/a            1.250         3.800       2.550      SLICE_X82Y56  CHAIN_INST/GEN_FIFOS[0].FIFO_INST/FIFO_INST/fifo_mem_reg_0_31_0_5/RAMA/CLK
High Pulse Width  Fast    RAMD32/CLK   n/a            1.250         3.800       2.550      SLICE_X82Y56  CHAIN_INST/GEN_FIFOS[0].FIFO_INST/FIFO_INST/fifo_mem_reg_0_31_0_5/RAMA/CLK
High Pulse Width  Slow    RAMD32/CLK   n/a            1.250         3.800       2.550      SLICE_X82Y56  CHAIN_INST/GEN_FIFOS[0].FIFO_INST/FIFO_INST/fifo_mem_reg_0_31_0_5/RAMA_D1/CLK
High Pulse Width  Fast    RAMD32/CLK   n/a            1.250         3.800       2.550      SLICE_X82Y56  CHAIN_INST/GEN_FIFOS[0].FIFO_INST/FIFO_INST/fifo_mem_reg_0_31_0_5/RAMA_D1/CLK
High Pulse Width  Slow    RAMD32/CLK   n/a            1.250         3.800       2.550      SLICE_X82Y56  CHAIN_INST/GEN_FIFOS[0].FIFO_INST/FIFO_INST/fifo_mem_reg_0_31_0_5/RAMB/CLK
High Pulse Width  Fast    RAMD32/CLK   n/a            1.250         3.800       2.550      SLICE_X82Y56  CHAIN_INST/GEN_FIFOS[0].FIFO_INST/FIFO_INST/fifo_mem_reg_0_31_0_5/RAMB/CLK
High Pulse Width  Slow    RAMD32/CLK   n/a            1.250         3.800       2.550      SLICE_X82Y56  CHAIN_INST/GEN_FIFOS[0].FIFO_INST/FIFO_INST/fifo_mem_reg_0_31_0_5/RAMB_D1/CLK
High Pulse Width  Fast    RAMD32/CLK   n/a            1.250         3.800       2.550      SLICE_X82Y56  CHAIN_INST/GEN_FIFOS[0].FIFO_INST/FIFO_INST/fifo_mem_reg_0_31_0_5/RAMB_D1/CLK
High Pulse Width  Slow    RAMD32/CLK   n/a            1.250         3.800       2.550      SLICE_X82Y56  CHAIN_INST/GEN_FIFOS[0].FIFO_INST/FIFO_INST/fifo_mem_reg_0_31_0_5/RAMC/CLK
High Pulse Width  Fast    RAMD32/CLK   n/a            1.250         3.800       2.550      SLICE_X82Y56  CHAIN_INST/GEN_FIFOS[0].FIFO_INST/FIFO_INST/fifo_mem_reg_0_31_0_5/RAMC/CLK



--------------------------------------------------------------------------------------
Path Group:  (none)
From Clock:  sys_clk
  To Clock:  

Max Delay            72 Endpoints
Min Delay            72 Endpoints
--------------------------------------------------------------------------------------


Max Delay Paths
--------------------------------------------------------------------------------------
Slack:                    inf
  Source:                 active_sel_reg[3]/C
                            (rising edge-triggered cell FDRE clocked by sys_clk  {rise@0.000ns fall@3.800ns period=7.600ns})
  Destination:            o_last
                            (output port)
  Path Group:             (none)
  Path Type:              Max at Slow Process Corner
  Data Path Delay:        6.113ns  (logic 1.899ns (31.066%)  route 4.214ns (68.934%))
  Logic Levels:           5  (CARRY4=3 LUT6=2)
  Clock Uncertainty:      0.025ns  ((TSJ^2 + TIJ^2)^1/2 + DJ) / 2 + PE
    Total System Jitter     (TSJ):    0.050ns
    Total Input Jitter      (TIJ):    0.000ns
    Discrete Jitter          (DJ):    0.000ns
    Phase Error              (PE):    0.000ns

    Location             Delay type                Incr(ns)  Path(ns)    Netlist Resource(s)
  -------------------------------------------------------------------    -------------------
                         (clock sys_clk rise edge)    0.000     0.000 r  
                                                      0.000     0.000 r  i_clk (IN)
                         net (fo=15793, unset)        0.973     0.973    i_clk
    SLICE_X51Y25         FDRE                                         r  active_sel_reg[3]/C
  -------------------------------------------------------------------    -------------------
    SLICE_X51Y25         FDRE (Prop_fdre_C_Q)         0.456     1.429 r  active_sel_reg[3]/Q
                         net (fo=29, routed)          1.816     3.245    p_1_in[3]
    SLICE_X60Y16         LUT6 (Prop_lut6_I1_O)        0.124     3.369 r  rdata[3]_i_4/O
                         net (fo=2, routed)           0.623     3.992    rdata[3]_i_4_n_0
    SLICE_X60Y18         CARRY4 (Prop_carry4_DI[2]_CO[3])
                                                      0.398     4.390 r  o_last_INST_0_i_7/CO[3]
                         net (fo=1, routed)           0.000     4.390    o_last_INST_0_i_7_n_0
    SLICE_X60Y19         CARRY4 (Prop_carry4_CI_O[2])
                                                      0.239     4.629 r  o_last_INST_0_i_6/O[2]
                         net (fo=2, routed)           0.802     5.431    o_last_INST_0_i_6_n_5
    SLICE_X62Y19         LUT6 (Prop_lut6_I1_O)        0.302     5.733 r  o_last_INST_0_i_2/O
                         net (fo=1, routed)           0.000     5.733    o_last_INST_0_i_2_n_0
    SLICE_X62Y19         CARRY4 (Prop_carry4_S[2]_CO[3])
                                                      0.380     6.113 r  o_last_INST_0/CO[3]
                         net (fo=1, unset)            0.973     7.086    o_last
                                                                      r  o_last (OUT)
  -------------------------------------------------------------------    -------------------

Slack:                    inf
  Source:                 CHAIN_INST/GEN_SLOTS[0].GEN_STAGE_BRAM_ROM.STAGE_INST/config_sel_reg[0]_rep/C
                            (rising edge-triggered cell FDRE clocked by sys_clk  {rise@0.000ns fall@3.800ns period=7.600ns})
  Destination:            o_ready
                            (output port)
  Path Group:             (none)
  Path Type:              Max at Slow Process Corner
  Data Path Delay:        5.778ns  (logic 0.980ns (16.960%)  route 4.798ns (83.040%))
  Logic Levels:           4  (LUT2=2 LUT5=1 LUT6=1)
  Clock Uncertainty:      0.025ns  ((TSJ^2 + TIJ^2)^1/2 + DJ) / 2 + PE
    Total System Jitter     (TSJ):    0.050ns
    Total Input Jitter      (TIJ):    0.000ns
    Discrete Jitter          (DJ):    0.000ns
    Phase Error              (PE):    0.000ns

    Location             Delay type                Incr(ns)  Path(ns)    Netlist Resource(s)
  -------------------------------------------------------------------    -------------------
                         (clock sys_clk rise edge)    0.000     0.000 r  
                                                      0.000     0.000 r  i_clk (IN)
                         net (fo=15793, unset)        0.973     0.973    CHAIN_INST/GEN_SLOTS[0].GEN_STAGE_BRAM_ROM.STAGE_INST/i_clk
    SLICE_X52Y28         FDRE                                         r  CHAIN_INST/GEN_SLOTS[0].GEN_STAGE_BRAM_ROM.STAGE_INST/config_sel_reg[0]_rep/C
  -------------------------------------------------------------------    -------------------
    SLICE_X52Y28         FDRE (Prop_fdre_C_Q)         0.456     1.429 r  CHAIN_INST/GEN_SLOTS[0].GEN_STAGE_BRAM_ROM.STAGE_INST/config_sel_reg[0]_rep/Q
                         net (fo=135, routed)         1.576     3.005    CHAIN_INST/GEN_SLOTS[0].GEN_STAGE_BRAM_ROM.STAGE_INST/GEN_FIFOS[0].FIFO_INST/FIFO_INST/GEN_PIPE.v_reg[3]_srl9___CHAIN_INST_GEN_SLOTS_r_7_i_2__1_0
    SLICE_X52Y15         LUT6 (Prop_lut6_I0_O)        0.124     3.129 f  CHAIN_INST/GEN_SLOTS[0].GEN_STAGE_BRAM_ROM.STAGE_INST/GEN_FIFOS[0].FIFO_INST/FIFO_INST/o_ready_INST_0_i_8/O
                         net (fo=2, routed)           0.729     3.858    CHAIN_INST/GEN_SLOTS[0].GEN_STAGE_BRAM_ROM.STAGE_INST/GEN_FIFOS[0].FIFO_INST/FIFO_INST/o_ready_INST_0_i_8_n_0
    SLICE_X52Y12         LUT2 (Prop_lut2_I1_O)        0.124     3.982 f  CHAIN_INST/GEN_SLOTS[0].GEN_STAGE_BRAM_ROM.STAGE_INST/GEN_FIFOS[0].FIFO_INST/FIFO_INST/o_ready_INST_0_i_4/O
                         net (fo=3, routed)           0.307     4.289    CHAIN_INST/GEN_SLOTS[0].GEN_STAGE_BRAM_ROM.STAGE_INST/GEN_FIFOS[0].FIFO_INST/FIFO_INST/config_sel_reg[3]_rep__0
    SLICE_X51Y12         LUT5 (Prop_lut5_I4_O)        0.124     4.413 f  CHAIN_INST/GEN_SLOTS[0].GEN_STAGE_BRAM_ROM.STAGE_INST/GEN_FIFOS[0].FIFO_INST/FIFO_INST/o_ready_INST_0_i_1/O
                         net (fo=22, routed)          1.213     5.626    CHAIN_INST/GEN_SLOTS[0].GEN_STAGE_BRAM_ROM.STAGE_INST/GEN_FIFOS[0].FIFO_INST/FIFO_INST/o_ready_INST_0_i_1_n_0
    SLICE_X59Y13         LUT2 (Prop_lut2_I0_O)        0.152     5.778 r  CHAIN_INST/GEN_SLOTS[0].GEN_STAGE_BRAM_ROM.STAGE_INST/GEN_FIFOS[0].FIFO_INST/FIFO_INST/o_ready_INST_0/O
                         net (fo=0)                   0.973     6.751    o_ready
                                                                      r  o_ready (OUT)
  -------------------------------------------------------------------    -------------------

Slack:                    inf
  Source:                 SCALER_INST/SKID_INST/FIFO_INST/head_reg[12]/C
                            (rising edge-triggered cell FDRE clocked by sys_clk  {rise@0.000ns fall@3.800ns period=7.600ns})
  Destination:            o_sample[30]
                            (output port)
  Path Group:             (none)
  Path Type:              Max at Slow Process Corner
  Data Path Delay:        1.491ns  (logic 0.518ns (34.742%)  route 0.973ns (65.258%))
  Logic Levels:           0  
  Clock Uncertainty:      0.025ns  ((TSJ^2 + TIJ^2)^1/2 + DJ) / 2 + PE
    Total System Jitter     (TSJ):    0.050ns
    Total Input Jitter      (TIJ):    0.000ns
    Discrete Jitter          (DJ):    0.000ns
    Phase Error              (PE):    0.000ns

    Location             Delay type                Incr(ns)  Path(ns)    Netlist Resource(s)
  -------------------------------------------------------------------    -------------------
                         (clock sys_clk rise edge)    0.000     0.000 r  
                                                      0.000     0.000 r  i_clk (IN)
                         net (fo=15793, unset)        0.973     0.973    SCALER_INST/SKID_INST/FIFO_INST/i_clk
    SLICE_X108Y18        FDRE                                         r  SCALER_INST/SKID_INST/FIFO_INST/head_reg[12]/C
  -------------------------------------------------------------------    -------------------
    SLICE_X108Y18        FDRE (Prop_fdre_C_Q)         0.518     1.491 r  SCALER_INST/SKID_INST/FIFO_INST/head_reg[12]/Q
                         net (fo=0)                   0.973     2.464    o_sample[30]
                                                                      r  o_sample[30] (OUT)
  -------------------------------------------------------------------    -------------------

Slack:                    inf
  Source:                 SCALER_INST/SKID_INST/FIFO_INST/head_reg[13]/C
                            (rising edge-triggered cell FDRE clocked by sys_clk  {rise@0.000ns fall@3.800ns period=7.600ns})
  Destination:            o_sample[31]
                            (output port)
  Path Group:             (none)
  Path Type:              Max at Slow Process Corner
  Data Path Delay:        1.491ns  (logic 0.518ns (34.742%)  route 0.973ns (65.258%))
  Logic Levels:           0  
  Clock Uncertainty:      0.025ns  ((TSJ^2 + TIJ^2)^1/2 + DJ) / 2 + PE
    Total System Jitter     (TSJ):    0.050ns
    Total Input Jitter      (TIJ):    0.000ns
    Discrete Jitter          (DJ):    0.000ns
    Phase Error              (PE):    0.000ns

    Location             Delay type                Incr(ns)  Path(ns)    Netlist Resource(s)
  -------------------------------------------------------------------    -------------------
                         (clock sys_clk rise edge)    0.000     0.000 r  
                                                      0.000     0.000 r  i_clk (IN)
                         net (fo=15793, unset)        0.973     0.973    SCALER_INST/SKID_INST/FIFO_INST/i_clk
    SLICE_X108Y18        FDRE                                         r  SCALER_INST/SKID_INST/FIFO_INST/head_reg[13]/C
  -------------------------------------------------------------------    -------------------
    SLICE_X108Y18        FDRE (Prop_fdre_C_Q)         0.518     1.491 r  SCALER_INST/SKID_INST/FIFO_INST/head_reg[13]/Q
                         net (fo=0)                   0.973     2.464    o_sample[31]
                                                                      r  o_sample[31] (OUT)
  -------------------------------------------------------------------    -------------------

Slack:                    inf
  Source:                 SCALER_INST/SKID_INST/FIFO_INST/head_reg[15]/C
                            (rising edge-triggered cell FDRE clocked by sys_clk  {rise@0.000ns fall@3.800ns period=7.600ns})
  Destination:            o_sample[33]
                            (output port)
  Path Group:             (none)
  Path Type:              Max at Slow Process Corner
  Data Path Delay:        1.491ns  (logic 0.518ns (34.742%)  route 0.973ns (65.258%))
  Logic Levels:           0  
  Clock Uncertainty:      0.025ns  ((TSJ^2 + TIJ^2)^1/2 + DJ) / 2 + PE
    Total System Jitter     (TSJ):    0.050ns
    Total Input Jitter      (TIJ):    0.000ns
    Discrete Jitter          (DJ):    0.000ns
    Phase Error              (PE):    0.000ns

    Location             Delay type                Incr(ns)  Path(ns)    Netlist Resource(s)
  -------------------------------------------------------------------    -------------------
                         (clock sys_clk rise edge)    0.000     0.000 r  
                                                      0.000     0.000 r  i_clk (IN)
                         net (fo=15793, unset)        0.973     0.973    SCALER_INST/SKID_INST/FIFO_INST/i_clk
    SLICE_X108Y18        FDRE                                         r  SCALER_INST/SKID_INST/FIFO_INST/head_reg[15]/C
  -------------------------------------------------------------------    -------------------
    SLICE_X108Y18        FDRE (Prop_fdre_C_Q)         0.518     1.491 r  SCALER_INST/SKID_INST/FIFO_INST/head_reg[15]/Q
                         net (fo=0)                   0.973     2.464    o_sample[33]
                                                                      r  o_sample[33] (OUT)
  -------------------------------------------------------------------    -------------------

Slack:                    inf
  Source:                 SCALER_INST/SKID_INST/FIFO_INST/head_reg[17]/C
                            (rising edge-triggered cell FDRE clocked by sys_clk  {rise@0.000ns fall@3.800ns period=7.600ns})
  Destination:            o_sample[35]
                            (output port)
  Path Group:             (none)
  Path Type:              Max at Slow Process Corner
  Data Path Delay:        1.491ns  (logic 0.518ns (34.742%)  route 0.973ns (65.258%))
  Logic Levels:           0  
  Clock Uncertainty:      0.025ns  ((TSJ^2 + TIJ^2)^1/2 + DJ) / 2 + PE
    Total System Jitter     (TSJ):    0.050ns
    Total Input Jitter      (TIJ):    0.000ns
    Discrete Jitter          (DJ):    0.000ns
    Phase Error              (PE):    0.000ns

    Location             Delay type                Incr(ns)  Path(ns)    Netlist Resource(s)
  -------------------------------------------------------------------    -------------------
                         (clock sys_clk rise edge)    0.000     0.000 r  
                                                      0.000     0.000 r  i_clk (IN)
                         net (fo=15793, unset)        0.973     0.973    SCALER_INST/SKID_INST/FIFO_INST/i_clk
    SLICE_X108Y18        FDRE                                         r  SCALER_INST/SKID_INST/FIFO_INST/head_reg[17]/C
  -------------------------------------------------------------------    -------------------
    SLICE_X108Y18        FDRE (Prop_fdre_C_Q)         0.518     1.491 r  SCALER_INST/SKID_INST/FIFO_INST/head_reg[17]/Q
                         net (fo=0)                   0.973     2.464    o_sample[35]
                                                                      r  o_sample[35] (OUT)
  -------------------------------------------------------------------    -------------------

Slack:                    inf
  Source:                 SCALER_INST/SKID_INST/FIFO_INST/head_v_reg/C
                            (rising edge-triggered cell FDRE clocked by sys_clk  {rise@0.000ns fall@3.800ns period=7.600ns})
  Destination:            o_valid
                            (output port)
  Path Group:             (none)
  Path Type:              Max at Slow Process Corner
  Data Path Delay:        1.491ns  (logic 0.518ns (34.742%)  route 0.973ns (65.258%))
  Logic Levels:           0  
  Clock Uncertainty:      0.025ns  ((TSJ^2 + TIJ^2)^1/2 + DJ) / 2 + PE
    Total System Jitter     (TSJ):    0.050ns
    Total Input Jitter      (TIJ):    0.000ns
    Discrete Jitter          (DJ):    0.000ns
    Phase Error              (PE):    0.000ns

    Location             Delay type                Incr(ns)  Path(ns)    Netlist Resource(s)
  -------------------------------------------------------------------    -------------------
                         (clock sys_clk rise edge)    0.000     0.000 r  
                                                      0.000     0.000 r  i_clk (IN)
                         net (fo=15793, unset)        0.973     0.973    SCALER_INST/SKID_INST/FIFO_INST/i_clk
    SLICE_X108Y20        FDRE                                         r  SCALER_INST/SKID_INST/FIFO_INST/head_v_reg/C
  -------------------------------------------------------------------    -------------------
    SLICE_X108Y20        FDRE (Prop_fdre_C_Q)         0.518     1.491 r  SCALER_INST/SKID_INST/FIFO_INST/head_v_reg/Q
                         net (fo=68, unset)           0.973     2.464    o_valid
                                                                      r  o_valid (OUT)
  -------------------------------------------------------------------    -------------------

Slack:                    inf
  Source:                 awready_reg/C
                            (rising edge-triggered cell FDRE clocked by sys_clk  {rise@0.000ns fall@3.800ns period=7.600ns})
  Destination:            s_axi_awready
                            (output port)
  Path Group:             (none)
  Path Type:              Max at Slow Process Corner
  Data Path Delay:        1.491ns  (logic 0.518ns (34.742%)  route 0.973ns (65.258%))
  Logic Levels:           0  
  Clock Uncertainty:      0.025ns  ((TSJ^2 + TIJ^2)^1/2 + DJ) / 2 + PE
    Total System Jitter     (TSJ):    0.050ns
    Total Input Jitter      (TIJ):    0.000ns
    Discrete Jitter          (DJ):    0.000ns
    Phase Error              (PE):    0.000ns

    Location             Delay type                Incr(ns)  Path(ns)    Netlist Resource(s)
  -------------------------------------------------------------------    -------------------
                         (clock sys_clk rise edge)    0.000     0.000 r  
                                                      0.000     0.000 r  i_clk (IN)
                         net (fo=15793, unset)        0.973     0.973    i_clk
    SLICE_X62Y12         FDRE                                         r  awready_reg/C
  -------------------------------------------------------------------    -------------------
    SLICE_X62Y12         FDRE (Prop_fdre_C_Q)         0.518     1.491 r  awready_reg/Q
                         net (fo=4, unset)            0.973     2.464    s_axi_awready
                                                                      r  s_axi_awready (OUT)
  -------------------------------------------------------------------    -------------------

Slack:                    inf
  Source:                 rdata_reg[16]/C
                            (rising edge-triggered cell FDRE clocked by sys_clk  {rise@0.000ns fall@3.800ns period=7.600ns})
  Destination:            s_axi_rdata[16]
                            (output port)
  Path Group:             (none)
  Path Type:              Max at Slow Process Corner
  Data Path Delay:        1.491ns  (logic 0.518ns (34.742%)  route 0.973ns (65.258%))
  Logic Levels:           0  
  Clock Uncertainty:      0.025ns  ((TSJ^2 + TIJ^2)^1/2 + DJ) / 2 + PE
    Total System Jitter     (TSJ):    0.050ns
    Total Input Jitter      (TIJ):    0.000ns
    Discrete Jitter          (DJ):    0.000ns
    Phase Error              (PE):    0.000ns

    Location             Delay type                Incr(ns)  Path(ns)    Netlist Resource(s)
  -------------------------------------------------------------------    -------------------
                         (clock sys_clk rise edge)    0.000     0.000 r  
                                                      0.000     0.000 r  i_clk (IN)
                         net (fo=15793, unset)        0.973     0.973    i_clk
    SLICE_X102Y18        FDRE                                         r  rdata_reg[16]/C
  -------------------------------------------------------------------    -------------------
    SLICE_X102Y18        FDRE (Prop_fdre_C_Q)         0.518     1.491 r  rdata_reg[16]/Q
                         net (fo=0)                   0.973     2.464    s_axi_rdata[16]
                                                                      r  s_axi_rdata[16] (OUT)
  -------------------------------------------------------------------    -------------------

Slack:                    inf
  Source:                 rdata_reg[17]/C
                            (rising edge-triggered cell FDRE clocked by sys_clk  {rise@0.000ns fall@3.800ns period=7.600ns})
  Destination:            s_axi_rdata[17]
                            (output port)
  Path Group:             (none)
  Path Type:              Max at Slow Process Corner
  Data Path Delay:        1.491ns  (logic 0.518ns (34.742%)  route 0.973ns (65.258%))
  Logic Levels:           0  
  Clock Uncertainty:      0.025ns  ((TSJ^2 + TIJ^2)^1/2 + DJ) / 2 + PE
    Total System Jitter     (TSJ):    0.050ns
    Total Input Jitter      (TIJ):    0.000ns
    Discrete Jitter          (DJ):    0.000ns
    Phase Error              (PE):    0.000ns

    Location             Delay type                Incr(ns)  Path(ns)    Netlist Resource(s)
  -------------------------------------------------------------------    -------------------
                         (clock sys_clk rise edge)    0.000     0.000 r  
                                                      0.000     0.000 r  i_clk (IN)
                         net (fo=15793, unset)        0.973     0.973    i_clk
    SLICE_X102Y18        FDRE                                         r  rdata_reg[17]/C
  -------------------------------------------------------------------    -------------------
    SLICE_X102Y18        FDRE (Prop_fdre_C_Q)         0.518     1.491 r  rdata_reg[17]/Q
                         net (fo=0)                   0.973     2.464    s_axi_rdata[17]
                                                                      r  s_axi_rdata[17] (OUT)
  -------------------------------------------------------------------    -------------------





Min Delay Paths
--------------------------------------------------------------------------------------
Slack:                    inf
  Source:                 arready_reg/C
                            (rising edge-triggered cell FDRE clocked by sys_clk  {rise@0.000ns fall@3.800ns period=7.600ns})
  Destination:            s_axi_arready
                            (output port)
  Path Group:             (none)
  Path Type:              Min at Fast Process Corner
  Data Path Delay:        0.538ns  (logic 0.128ns (23.786%)  route 0.410ns (76.214%))
  Logic Levels:           0  
  Clock Uncertainty:      0.025ns  ((TSJ^2 + TIJ^2)^1/2 + DJ) / 2 + PE
    Total System Jitter     (TSJ):    0.050ns
    Total Input Jitter      (TIJ):    0.000ns
    Discrete Jitter          (DJ):    0.000ns
    Phase Error              (PE):    0.000ns

    Location             Delay type                Incr(ns)  Path(ns)    Netlist Resource(s)
  -------------------------------------------------------------------    -------------------
                         (clock sys_clk rise edge)    0.000     0.000 r  
                                                      0.000     0.000 r  i_clk (IN)
                         net (fo=15793, unset)        0.410     0.410    i_clk
    SLICE_X65Y15         FDRE                                         r  arready_reg/C
  -------------------------------------------------------------------    -------------------
    SLICE_X65Y15         FDRE (Prop_fdre_C_Q)         0.128     0.538 r  arready_reg/Q
                         net (fo=2, unset)            0.410     0.948    s_axi_arready
                                                                      r  s_axi_arready (OUT)
  -------------------------------------------------------------------    -------------------

Slack:                    inf
  Source:                 SCALER_INST/SKID_INST/FIFO_INST/head_reg[18]/C
                            (rising edge-triggered cell FDRE clocked by sys_clk  {rise@0.000ns fall@3.800ns period=7.600ns})
  Destination:            o_sample[0]
                            (output port)
  Path Group:             (none)
  Path Type:              Min at Fast Process Corner
  Data Path Delay:        0.551ns  (logic 0.141ns (25.583%)  route 0.410ns (74.417%))
  Logic Levels:           0  
  Clock Uncertainty:      0.025ns  ((TSJ^2 + TIJ^2)^1/2 + DJ) / 2 + PE
    Total System Jitter     (TSJ):    0.050ns
    Total Input Jitter      (TIJ):    0.000ns
    Discrete Jitter          (DJ):    0.000ns
    Phase Error              (PE):    0.000ns

    Location             Delay type                Incr(ns)  Path(ns)    Netlist Resource(s)
  -------------------------------------------------------------------    -------------------
                         (clock sys_clk rise edge)    0.000     0.000 r  
                                                      0.000     0.000 r  i_clk (IN)
                         net (fo=15793, unset)        0.410     0.410    SCALER_INST/SKID_INST/FIFO_INST/i_clk
    SLICE_X109Y14        FDRE                                         r  SCALER_INST/SKID_INST/FIFO_INST/head_reg[18]/C
  -------------------------------------------------------------------    -------------------
    SLICE_X109Y14        FDRE (Prop_fdre_C_Q)         0.141     0.551 r  SCALER_INST/SKID_INST/FIFO_INST/head_reg[18]/Q
                         net (fo=0)                   0.410     0.961    o_sample[0]
                                                                      r  o_sample[0] (OUT)
  -------------------------------------------------------------------    -------------------

Slack:                    inf
  Source:                 SCALER_INST/SKID_INST/FIFO_INST/head_reg[28]/C
                            (rising edge-triggered cell FDRE clocked by sys_clk  {rise@0.000ns fall@3.800ns period=7.600ns})
  Destination:            o_sample[10]
                            (output port)
  Path Group:             (none)
  Path Type:              Min at Fast Process Corner
  Data Path Delay:        0.551ns  (logic 0.141ns (25.583%)  route 0.410ns (74.417%))
  Logic Levels:           0  
  Clock Uncertainty:      0.025ns  ((TSJ^2 + TIJ^2)^1/2 + DJ) / 2 + PE
    Total System Jitter     (TSJ):    0.050ns
    Total Input Jitter      (TIJ):    0.000ns
    Discrete Jitter          (DJ):    0.000ns
    Phase Error              (PE):    0.000ns

    Location             Delay type                Incr(ns)  Path(ns)    Netlist Resource(s)
  -------------------------------------------------------------------    -------------------
                         (clock sys_clk rise edge)    0.000     0.000 r  
                                                      0.000     0.000 r  i_clk (IN)
                         net (fo=15793, unset)        0.410     0.410    SCALER_INST/SKID_INST/FIFO_INST/i_clk
    SLICE_X106Y16        FDRE                                         r  SCALER_INST/SKID_INST/FIFO_INST/head_reg[28]/C
  -------------------------------------------------------------------    -------------------
    SLICE_X106Y16        FDRE (Prop_fdre_C_Q)         0.141     0.551 r  SCALER_INST/SKID_INST/FIFO_INST/head_reg[28]/Q
                         net (fo=0)                   0.410     0.961    o_sample[10]
                                                                      r  o_sample[10] (OUT)
  -------------------------------------------------------------------    -------------------

Slack:                    inf
  Source:                 SCALER_INST/SKID_INST/FIFO_INST/head_reg[29]/C
                            (rising edge-triggered cell FDRE clocked by sys_clk  {rise@0.000ns fall@3.800ns period=7.600ns})
  Destination:            o_sample[11]
                            (output port)
  Path Group:             (none)
  Path Type:              Min at Fast Process Corner
  Data Path Delay:        0.551ns  (logic 0.141ns (25.583%)  route 0.410ns (74.417%))
  Logic Levels:           0  
  Clock Uncertainty:      0.025ns  ((TSJ^2 + TIJ^2)^1/2 + DJ) / 2 + PE
    Total System Jitter     (TSJ):    0.050ns
    Total Input Jitter      (TIJ):    0.000ns
    Discrete Jitter          (DJ):    0.000ns
    Phase Error              (PE):    0.000ns

    Location             Delay type                Incr(ns)  Path(ns)    Netlist Resource(s)
  -------------------------------------------------------------------    -------------------
                         (clock sys_clk rise edge)    0.000     0.000 r  
                                                      0.000     0.000 r  i_clk (IN)
                         net (fo=15793, unset)        0.410     0.410    SCALER_INST/SKID_INST/FIFO_INST/i_clk
    SLICE_X106Y16        FDRE                                         r  SCALER_INST/SKID_INST/FIFO_INST/head_reg[29]/C
  -------------------------------------------------------------------    -------------------
    SLICE_X106Y16        FDRE (Prop_fdre_C_Q)         0.141     0.551 r  SCALER_INST/SKID_INST/FIFO_INST/head_reg[29]/Q
                         net (fo=0)                   0.410     0.961    o_sample[11]
                                                                      r  o_sample[11] (OUT)
  -------------------------------------------------------------------    -------------------

Slack:                    inf
  Source:                 SCALER_INST/SKID_INST/FIFO_INST/head_reg[30]/C
                            (rising edge-triggered cell FDRE clocked by sys_clk  {rise@0.000ns fall@3.800ns period=7.600ns})
  Destination:            o_sample[12]
                            (output port)
  Path Group:             (none)
  Path Type:              Min at Fast Process Corner
  Data Path Delay:        0.551ns  (logic 0.141ns (25.583%)  route 0.410ns (74.417%))
  Logic Levels:           0  
  Clock Uncertainty:      0.025ns  ((TSJ^2 + TIJ^2)^1/2 + DJ) / 2 + PE
    Total System Jitter     (TSJ):    0.050ns
    Total Input Jitter      (TIJ):    0.000ns
    Discrete Jitter          (DJ):    0.000ns
    Phase Error              (PE):    0.000ns

    Location             Delay type                Incr(ns)  Path(ns)    Netlist Resource(s)
  -------------------------------------------------------------------    -------------------
                         (clock sys_clk rise edge)    0.000     0.000 r  
                                                      0.000     0.000 r  i_clk (IN)
                         net (fo=15793, unset)        0.410     0.410    SCALER_INST/SKID_INST/FIFO_INST/i_clk
    SLICE_X107Y19        FDRE                                         r  SCALER_INST/SKID_INST/FIFO_INST/head_reg[30]/C
  -------------------------------------------------------------------    -------------------
    SLICE_X107Y19        FDRE (Prop_fdre_C_Q)         0.141     0.551 r  SCALER_INST/SKID_INST/FIFO_INST/head_reg[30]/Q
                         net (fo=0)                   0.410     0.961    o_sample[12]
                                                                      r  o_sample[12] (OUT)
  -------------------------------------------------------------------    -------------------

Slack:                    inf
  Source:                 SCALER_INST/SKID_INST/FIFO_INST/head_reg[31]/C
                            (rising edge-triggered cell FDRE clocked by sys_clk  {rise@0.000ns fall@3.800ns period=7.600ns})
  Destination:            o_sample[13]
                            (output port)
  Path Group:             (none)
  Path Type:              Min at Fast Process Corner
  Data Path Delay:        0.551ns  (logic 0.141ns (25.583%)  route 0.410ns (74.417%))
  Logic Levels:           0  
  Clock Uncertainty:      0.025ns  ((TSJ^2 + TIJ^2)^1/2 + DJ) / 2 + PE
    Total System Jitter     (TSJ):    0.050ns
    Total Input Jitter      (TIJ):    0.000ns
    Discrete Jitter          (DJ):    0.000ns
    Phase Error              (PE):    0.000ns

    Location             Delay type                Incr(ns)  Path(ns)    Netlist Resource(s)
  -------------------------------------------------------------------    -------------------
                         (clock sys_clk rise edge)    0.000     0.000 r  
                                                      0.000     0.000 r  i_clk (IN)
                         net (fo=15793, unset)        0.410     0.410    SCALER_INST/SKID_INST/FIFO_INST/i_clk
    SLICE_X107Y19        FDRE                                         r  SCALER_INST/SKID_INST/FIFO_INST/head_reg[31]/C
  -------------------------------------------------------------------    -------------------
    SLICE_X107Y19        FDRE (Prop_fdre_C_Q)         0.141     0.551 r  SCALER_INST/SKID_INST/FIFO_INST/head_reg[31]/Q
                         net (fo=0)                   0.410     0.961    o_sample[13]
                                                                      r  o_sample[13] (OUT)
  -------------------------------------------------------------------    -------------------

Slack:                    inf
  Source:                 SCALER_INST/SKID_INST/FIFO_INST/head_reg[32]/C
                            (rising edge-triggered cell FDRE clocked by sys_clk  {rise@0.000ns fall@3.800ns period=7.600ns})
  Destination:            o_sample[14]
                            (output port)
  Path Group:             (none)
  Path Type:              Min at Fast Process Corner
  Data Path Delay:        0.551ns  (logic 0.141ns (25.583%)  route 0.410ns (74.417%))
  Logic Levels:           0  
  Clock Uncertainty:      0.025ns  ((TSJ^2 + TIJ^2)^1/2 + DJ) / 2 + PE
    Total System Jitter     (TSJ):    0.050ns
    Total Input Jitter      (TIJ):    0.000ns
    Discrete Jitter          (DJ):    0.000ns
    Phase Error              (PE):    0.000ns

    Location             Delay type                Incr(ns)  Path(ns)    Netlist Resource(s)
  -------------------------------------------------------------------    -------------------
                         (clock sys_clk rise edge)    0.000     0.000 r  
                                                      0.000     0.000 r  i_clk (IN)
                         net (fo=15793, unset)        0.410     0.410    SCALER_INST/SKID_INST/FIFO_INST/i_clk
    SLICE_X105Y18        FDRE                                         r  SCALER_INST/SKID_INST/FIFO_INST/head_reg[32]/C
  -------------------------------------------------------------------    -------------------
    SLICE_X105Y18        FDRE (Prop_fdre_C_Q)         0.141     0.551 r  SCALER_INST/SKID_INST/FIFO_INST/head_reg[32]/Q
                         net (fo=0)                   0.410     0.961    o_sample[14]
                                                                      r  o_sample[14] (OUT)
  -------------------------------------------------------------------    -------------------

Slack:                    inf
  Source:                 SCALER_INST/SKID_INST/FIFO_INST/head_reg[33]/C
                            (rising edge-triggered cell FDRE clocked by sys_clk  {rise@0.000ns fall@3.800ns period=7.600ns})
  Destination:            o_sample[15]
                            (output port)
  Path Group:             (none)
  Path Type:              Min at Fast Process Corner
  Data Path Delay:        0.551ns  (logic 0.141ns (25.583%)  route 0.410ns (74.417%))
  Logic Levels:           0  
  Clock Uncertainty:      0.025ns  ((TSJ^2 + TIJ^2)^1/2 + DJ) / 2 + PE
    Total System Jitter     (TSJ):    0.050ns
    Total Input Jitter      (TIJ):    0.000ns
    Discrete Jitter          (DJ):    0.000ns
    Phase Error              (PE):    0.000ns

    Location             Delay type                Incr(ns)  Path(ns)    Netlist Resource(s)
  -------------------------------------------------------------------    -------------------
                         (clock sys_clk rise edge)    0.000     0.000 r  
                                                      0.000     0.000 r  i_clk (IN)
                         net (fo=15793, unset)        0.410     0.410    SCALER_INST/SKID_INST/FIFO_INST/i_clk
    SLICE_X105Y18        FDRE                                         r  SCALER_INST/SKID_INST/FIFO_INST/head_reg[33]/C
  -------------------------------------------------------------------    -------------------
    SLICE_X105Y18        FDRE (Prop_fdre_C_Q)         0.141     0.551 r  SCALER_INST/SKID_INST/FIFO_INST/head_reg[33]/Q
                         net (fo=0)                   0.410     0.961    o_sample[15]
                                                                      r  o_sample[15] (OUT)
  -------------------------------------------------------------------    -------------------

Slack:                    inf
  Source:                 SCALER_INST/SKID_INST/FIFO_INST/head_reg[34]/C
                            (rising edge-triggered cell FDRE clocked by sys_clk  {rise@0.000ns fall@3.800ns period=7.600ns})
  Destination:            o_sample[16]
                            (output port)
  Path Group:             (none)
  Path Type:              Min at Fast Process Corner
  Data Path Delay:        0.551ns  (logic 0.141ns (25.583%)  route 0.410ns (74.417%))
  Logic Levels:           0  
  Clock Uncertainty:      0.025ns  ((TSJ^2 + TIJ^2)^1/2 + DJ) / 2 + PE
    Total System Jitter     (TSJ):    0.050ns
    Total Input Jitter      (TIJ):    0.000ns
    Discrete Jitter          (DJ):    0.000ns
    Phase Error              (PE):    0.000ns

    Location             Delay type                Incr(ns)  Path(ns)    Netlist Resource(s)
  -------------------------------------------------------------------    -------------------
                         (clock sys_clk rise edge)    0.000     0.000 r  
                                                      0.000     0.000 r  i_clk (IN)
                         net (fo=15793, unset)        0.410     0.410    SCALER_INST/SKID_INST/FIFO_INST/i_clk
    SLICE_X105Y18        FDRE                                         r  SCALER_INST/SKID_INST/FIFO_INST/head_reg[34]/C
  -------------------------------------------------------------------    -------------------
    SLICE_X105Y18        FDRE (Prop_fdre_C_Q)         0.141     0.551 r  SCALER_INST/SKID_INST/FIFO_INST/head_reg[34]/Q
                         net (fo=0)                   0.410     0.961    o_sample[16]
                                                                      r  o_sample[16] (OUT)
  -------------------------------------------------------------------    -------------------

Slack:                    inf
  Source:                 SCALER_INST/SKID_INST/FIFO_INST/head_reg[35]/C
                            (rising edge-triggered cell FDRE clocked by sys_clk  {rise@0.000ns fall@3.800ns period=7.600ns})
  Destination:            o_sample[17]
                            (output port)
  Path Group:             (none)
  Path Type:              Min at Fast Process Corner
  Data Path Delay:        0.551ns  (logic 0.141ns (25.583%)  route 0.410ns (74.417%))
  Logic Levels:           0  
  Clock Uncertainty:      0.025ns  ((TSJ^2 + TIJ^2)^1/2 + DJ) / 2 + PE
    Total System Jitter     (TSJ):    0.050ns
    Total Input Jitter      (TIJ):    0.000ns
    Discrete Jitter          (DJ):    0.000ns
    Phase Error              (PE):    0.000ns

    Location             Delay type                Incr(ns)  Path(ns)    Netlist Resource(s)
  -------------------------------------------------------------------    -------------------
                         (clock sys_clk rise edge)    0.000     0.000 r  
                                                      0.000     0.000 r  i_clk (IN)
                         net (fo=15793, unset)        0.410     0.410    SCALER_INST/SKID_INST/FIFO_INST/i_clk
    SLICE_X105Y18        FDRE                                         r  SCALER_INST/SKID_INST/FIFO_INST/head_reg[35]/C
  -------------------------------------------------------------------    -------------------
    SLICE_X105Y18        FDRE (Prop_fdre_C_Q)         0.141     0.551 r  SCALER_INST/SKID_INST/FIFO_INST/head_reg[35]/Q
                         net (fo=0)                   0.410     0.961    o_sample[17]
                                                                      r  o_sample[17] (OUT)
  -------------------------------------------------------------------    -------------------





--------------------------------------------------------------------------------------
Path Group:  (none)
From Clock:  
  To Clock:  sys_clk

Max Delay          6410 Endpoints
Min Delay          6410 Endpoints
--------------------------------------------------------------------------------------


Max Delay Paths
--------------------------------------------------------------------------------------
Slack:                    inf
  Source:                 i_sample[19]
                            (input port)
  Destination:            CHAIN_INST/GEN_SLOTS[0].GEN_STAGE_BRAM_ROM.STAGE_INST/GEN_FIFOS[0].FIFO_INST/FIFO_INST/head_reg[17]/D
                            (rising edge-triggered cell FDRE clocked by sys_clk  {rise@0.000ns fall@3.800ns period=7.600ns})
  Path Group:             (none)
  Path Type:              Setup (Max at Slow Process Corner)
  Data Path Delay:        6.131ns  (logic 2.979ns (48.587%)  route 3.152ns (51.413%))
  Logic Levels:           9  (CARRY4=6 LUT3=1 LUT4=1 LUT6=1)
  Clock Path Skew:        0.924ns (DCD - SCD + CPR)
    Destination Clock Delay (DCD):    0.924ns
    Source Clock Delay      (SCD):    0.000ns
    Clock Pessimism Removal (CPR):    0.000ns
  Clock Uncertainty:      0.025ns  ((TSJ^2 + TIJ^2)^1/2 + DJ) / 2 + PE
    Total System Jitter     (TSJ):    0.050ns
    Total Input Jitter      (TIJ):    0.000ns
    Discrete Jitter          (DJ):    0.000ns
    Phase Error              (PE):    0.000ns

    Location             Delay type                Incr(ns)  Path(ns)    Netlist Resource(s)
  -------------------------------------------------------------------    -------------------
                                                      0.000     0.000 r  i_sample[19] (IN)
                         net (fo=5, unset)            0.973     0.973    CHAIN_INST/GEN_SLOTS[0].GEN_STAGE_BRAM_ROM.STAGE_INST/GEN_FIFOS[0].FIFO_INST/FIFO_INST/i_sample[19]
    SLICE_X27Y1          LUT4 (Prop_lut4_I3_O)        0.124     1.097 r  CHAIN_INST/GEN_SLOTS[0].GEN_STAGE_BRAM_ROM.STAGE_INST/GEN_FIFOS[0].FIFO_INST/FIFO_INST/arg_carry_i_6/O
                         net (fo=1, routed)           0.000     1.097    CHAIN_INST/GEN_SLOTS[0].GEN_STAGE_BRAM_ROM.STAGE_INST/PREADDER_INST/arg_inferred__0/i__carry_0[1]
    SLICE_X27Y1          CARRY4 (Prop_carry4_S[1]_CO[3])
                                                      0.550     1.647 r  CHAIN_INST/GEN_SLOTS[0].GEN_STAGE_BRAM_ROM.STAGE_INST/PREADDER_INST/arg_carry/CO[3]
                         net (fo=1, routed)           0.000     1.647    CHAIN_INST/GEN_SLOTS[0].GEN_STAGE_BRAM_ROM.STAGE_INST/PREADDER_INST/arg_carry_n_0
    SLICE_X27Y2          CARRY4 (Prop_carry4_CI_O[0])
                                                      0.222     1.869 r  CHAIN_INST/GEN_SLOTS[0].GEN_STAGE_BRAM_ROM.STAGE_INST/PREADDER_INST/arg_carry__0/O[0]
                         net (fo=1, routed)           0.607     2.476    CHAIN_INST/GEN_SLOTS[0].GEN_STAGE_BRAM_ROM.STAGE_INST/PREADDER_INST/arg_carry__0_n_7
    SLICE_X28Y2          CARRY4 (Prop_carry4_S[1]_CO[3])
                                                      0.849     3.325 r  CHAIN_INST/GEN_SLOTS[0].GEN_STAGE_BRAM_ROM.STAGE_INST/PREADDER_INST/arg_inferred__0/i__carry__0/CO[3]
                         net (fo=1, routed)           0.000     3.325    CHAIN_INST/GEN_SLOTS[0].GEN_STAGE_BRAM_ROM.STAGE_INST/PREADDER_INST/arg_inferred__0/i__carry__0_n_0
    SLICE_X28Y3          CARRY4 (Prop_carry4_CI_CO[3])
                                                      0.114     3.439 r  CHAIN_INST/GEN_SLOTS[0].GEN_STAGE_BRAM_ROM.STAGE_INST/PREADDER_INST/arg_inferred__0/i__carry__1/CO[3]
                         net (fo=1, routed)           0.000     3.439    CHAIN_INST/GEN_SLOTS[0].GEN_STAGE_BRAM_ROM.STAGE_INST/PREADDER_INST/arg_inferred__0/i__carry__1_n_0
    SLICE_X28Y4          CARRY4 (Prop_carry4_CI_CO[3])
                                                      0.114     3.553 r  CHAIN_INST/GEN_SLOTS[0].GEN_STAGE_BRAM_ROM.STAGE_INST/PREADDER_INST/arg_inferred__0/i__carry__2/CO[3]
                         net (fo=1, routed)           0.000     3.553    CHAIN_INST/GEN_SLOTS[0].GEN_STAGE_BRAM_ROM.STAGE_INST/PREADDER_INST/arg_inferred__0/i__carry__2_n_0
    SLICE_X28Y5          CARRY4 (Prop_carry4_CI_O[3])
                                                      0.313     3.866 r  CHAIN_INST/GEN_SLOTS[0].GEN_STAGE_BRAM_ROM.STAGE_INST/PREADDER_INST/arg_inferred__0/i__carry__3/O[3]
                         net (fo=2, routed)           1.212     5.079    CHAIN_INST/GEN_SLOTS[0].GEN_STAGE_BRAM_ROM.STAGE_INST/PREADDER_INST/arg_carry__2_0[3]
    SLICE_X32Y4          LUT3 (Prop_lut3_I0_O)        0.338     5.417 r  CHAIN_INST/GEN_SLOTS[0].GEN_STAGE_BRAM_ROM.STAGE_INST/PREADDER_INST/fifo_mem_reg_0_i_19/O
                         net (fo=2, routed)           0.360     5.776    CHAIN_INST/GEN_SLOTS[0].GEN_STAGE_BRAM_ROM.STAGE_INST/GEN_FIFOS[0].FIFO_INST/FIFO_INST/i_wr_data[17]
    SLICE_X33Y4          LUT6 (Prop_lut6_I5_O)        0.355     6.131 r  CHAIN_INST/GEN_SLOTS[0].GEN_STAGE_BRAM_ROM.STAGE_INST/GEN_FIFOS[0].FIFO_INST/FIFO_INST/head[17]_i_1__10/O
                         net (fo=1, routed)           0.000     6.131    CHAIN_INST/GEN_SLOTS[0].GEN_STAGE_BRAM_ROM.STAGE_INST/GEN_FIFOS[0].FIFO_INST/FIFO_INST/head[17]_i_1__10_n_0
    SLICE_X33Y4          FDRE                                         r  CHAIN_INST/GEN_SLOTS[0].GEN_STAGE_BRAM_ROM.STAGE_INST/GEN_FIFOS[0].FIFO_INST/FIFO_INST/head_reg[17]/D
  -------------------------------------------------------------------    -------------------

                         (clock sys_clk rise edge)    0.000     0.000 r  
                                                      0.000     0.000 r  i_clk (IN)
                         net (fo=15793, unset)        0.924     0.924    CHAIN_INST/GEN_SLOTS[0].GEN_STAGE_BRAM_ROM.STAGE_INST/GEN_FIFOS[0].FIFO_INST/FIFO_INST/i_clk
    SLICE_X33Y4          FDRE                                         r  CHAIN_INST/GEN_SLOTS[0].GEN_STAGE_BRAM_ROM.STAGE_INST/GEN_FIFOS[0].FIFO_INST/FIFO_INST/head_reg[17]/C

Slack:                    inf
  Source:                 i_sample[19]
                            (input port)
  Destination:            CHAIN_INST/GEN_SLOTS[0].GEN_STAGE_BRAM_ROM.STAGE_INST/GEN_FIFOS[0].FIFO_INST/FIFO_INST/head_reg[15]/D
                            (rising edge-triggered cell FDRE clocked by sys_clk  {rise@0.000ns fall@3.800ns period=7.600ns})
  Path Group:             (none)
  Path Type:              Setup (Max at Slow Process Corner)
  Data Path Delay:        6.087ns  (logic 2.966ns (48.727%)  route 3.121ns (51.273%))
  Logic Levels:           9  (CARRY4=6 LUT3=1 LUT4=1 LUT6=1)
  Clock Path Skew:        0.924ns (DCD - SCD + CPR)
    Destination Clock Delay (DCD):    0.924ns
    Source Clock Delay      (SCD):    0.000ns
    Clock Pessimism Removal (CPR):    0.000ns
  Clock Uncertainty:      0.025ns  ((TSJ^2 + TIJ^2)^1/2 + DJ) / 2 + PE
    Total System Jitter     (TSJ):    0.050ns
    Total Input Jitter      (TIJ):    0.000ns
    Discrete Jitter          (DJ):    0.000ns
    Phase Error              (PE):    0.000ns

    Location             Delay type                Incr(ns)  Path(ns)    Netlist Resource(s)
  -------------------------------------------------------------------    -------------------
                                                      0.000     0.000 r  i_sample[19] (IN)
                         net (fo=5, unset)            0.973     0.973    CHAIN_INST/GEN_SLOTS[0].GEN_STAGE_BRAM_ROM.STAGE_INST/GEN_FIFOS[0].FIFO_INST/FIFO_INST/i_sample[19]
    SLICE_X27Y1          LUT4 (Prop_lut4_I3_O)        0.124     1.097 r  CHAIN_INST/GEN_SLOTS[0].GEN_STAGE_BRAM_ROM.STAGE_INST/GEN_FIFOS[0].FIFO_INST/FIFO_INST/arg_carry_i_6/O
                         net (fo=1, routed)           0.000     1.097    CHAIN_INST/GEN_SLOTS[0].GEN_STAGE_BRAM_ROM.STAGE_INST/PREADDER_INST/arg_inferred__0/i__carry_0[1]
    SLICE_X27Y1          CARRY4 (Prop_carry4_S[1]_CO[3])
                                                      0.550     1.647 r  CHAIN_INST/GEN_SLOTS[0].GEN_STAGE_BRAM_ROM.STAGE_INST/PREADDER_INST/arg_carry/CO[3]
                         net (fo=1, routed)           0.000     1.647    CHAIN_INST/GEN_SLOTS[0].GEN_STAGE_BRAM_ROM.STAGE_INST/PREADDER_INST/arg_carry_n_0
    SLICE_X27Y2          CARRY4 (Prop_carry4_CI_O[0])
                                                      0.222     1.869 r  CHAIN_INST/GEN_SLOTS[0].GEN_STAGE_BRAM_ROM.STAGE_INST/PREADDER_INST/arg_carry__0/O[0]
                         net (fo=1, routed)           0.607     2.476    CHAIN_INST/GEN_SLOTS[0].GEN_STAGE_BRAM_ROM.STAGE_INST/PREADDER_INST/arg_carry__0_n_7
    SLICE_X28Y2          CARRY4 (Prop_carry4_S[1]_CO[3])
                                                      0.849     3.325 r  CHAIN_INST/GEN_SLOTS[0].GEN_STAGE_BRAM_ROM.STAGE_INST/PREADDER_INST/arg_inferred__0/i__carry__0/CO[3]
                         net (fo=1, routed)           0.000     3.325    CHAIN_INST/GEN_SLOTS[0].GEN_STAGE_BRAM_ROM.STAGE_INST/PREADDER_INST/arg_inferred__0/i__carry__0_n_0
    SLICE_X28Y3          CARRY4 (Prop_carry4_CI_CO[3])
                                                      0.114     3.439 r  CHAIN_INST/GEN_SLOTS[0].GEN_STAGE_BRAM_ROM.STAGE_INST/PREADDER_INST/arg_inferred__0/i__carry__1/CO[3]
                         net (fo=1, routed)           0.000     3.439    CHAIN_INST/GEN_SLOTS[0].GEN_STAGE_BRAM_ROM.STAGE_INST/PREADDER_INST/arg_inferred__0/i__carry__1_n_0
    SLICE_X28Y4          CARRY4 (Prop_carry4_CI_CO[3])
                                                      0.114     3.553 r  CHAIN_INST/GEN_SLOTS[0].GEN_STAGE_BRAM_ROM.STAGE_INST/PREADDER_INST/arg_inferred__0/i__carry__2/CO[3]
                         net (fo=1, routed)           0.000     3.553    CHAIN_INST/GEN_SLOTS[0].GEN_STAGE_BRAM_ROM.STAGE_INST/PREADDER_INST/arg_inferred__0/i__carry__2_n_0
    SLICE_X28Y5          CARRY4 (Prop_carry4_CI_O[1])
                                                      0.334     3.887 r  CHAIN_INST/GEN_SLOTS[0].GEN_STAGE_BRAM_ROM.STAGE_INST/PREADDER_INST/arg_inferred__0/i__carry__3/O[1]
                         net (fo=2, routed)           1.082     4.969    CHAIN_INST/GEN_SLOTS[0].GEN_STAGE_BRAM_ROM.STAGE_INST/PREADDER_INST/arg_carry__2_0[1]
    SLICE_X33Y3          LUT3 (Prop_lut3_I0_O)        0.332     5.301 r  CHAIN_INST/GEN_SLOTS[0].GEN_STAGE_BRAM_ROM.STAGE_INST/PREADDER_INST/fifo_mem_reg_0_i_3/O
                         net (fo=2, routed)           0.459     5.760    CHAIN_INST/GEN_SLOTS[0].GEN_STAGE_BRAM_ROM.STAGE_INST/GEN_FIFOS[0].FIFO_INST/FIFO_INST/i_wr_data[15]
    SLICE_X33Y4          LUT6 (Prop_lut6_I5_O)        0.327     6.087 r  CHAIN_INST/GEN_SLOTS[0].GEN_STAGE_BRAM_ROM.STAGE_INST/GEN_FIFOS[0].FIFO_INST/FIFO_INST/head[15]_i_1__10/O
                         net (fo=1, routed)           0.000     6.087    CHAIN_INST/GEN_SLOTS[0].GEN_STAGE_BRAM_ROM.STAGE_INST/GEN_FIFOS[0].FIFO_INST/FIFO_INST/head[15]_i_1__10_n_0
    SLICE_X33Y4          FDRE                                         r  CHAIN_INST/GEN_SLOTS[0].GEN_STAGE_BRAM_ROM.STAGE_INST/GEN_FIFOS[0].FIFO_INST/FIFO_INST/head_reg[15]/D
  -------------------------------------------------------------------    -------------------

                         (clock sys_clk rise edge)    0.000     0.000 r  
                                                      0.000     0.000 r  i_clk (IN)
                         net (fo=15793, unset)        0.924     0.924    CHAIN_INST/GEN_SLOTS[0].GEN_STAGE_BRAM_ROM.STAGE_INST/GEN_FIFOS[0].FIFO_INST/FIFO_INST/i_clk
    SLICE_X33Y4          FDRE                                         r  CHAIN_INST/GEN_SLOTS[0].GEN_STAGE_BRAM_ROM.STAGE_INST/GEN_FIFOS[0].FIFO_INST/FIFO_INST/head_reg[15]/C

Slack:                    inf
  Source:                 i_sample[19]
                            (input port)
  Destination:            CHAIN_INST/GEN_SLOTS[0].GEN_STAGE_BRAM_ROM.STAGE_INST/GEN_FIFOS[0].FIFO_INST/FIFO_INST/head_reg[14]/D
                            (rising edge-triggered cell FDRE clocked by sys_clk  {rise@0.000ns fall@3.800ns period=7.600ns})
  Path Group:             (none)
  Path Type:              Setup (Max at Slow Process Corner)
  Data Path Delay:        6.046ns  (logic 2.851ns (47.155%)  route 3.195ns (52.845%))
  Logic Levels:           9  (CARRY4=6 LUT3=1 LUT4=1 LUT6=1)
  Clock Path Skew:        0.924ns (DCD - SCD + CPR)
    Destination Clock Delay (DCD):    0.924ns
    Source Clock Delay      (SCD):    0.000ns
    Clock Pessimism Removal (CPR):    0.000ns
  Clock Uncertainty:      0.025ns  ((TSJ^2 + TIJ^2)^1/2 + DJ) / 2 + PE
    Total System Jitter     (TSJ):    0.050ns
    Total Input Jitter      (TIJ):    0.000ns
    Discrete Jitter          (DJ):    0.000ns
    Phase Error              (PE):    0.000ns

    Location             Delay type                Incr(ns)  Path(ns)    Netlist Resource(s)
  -------------------------------------------------------------------    -------------------
                                                      0.000     0.000 r  i_sample[19] (IN)
                         net (fo=5, unset)            0.973     0.973    CHAIN_INST/GEN_SLOTS[0].GEN_STAGE_BRAM_ROM.STAGE_INST/GEN_FIFOS[0].FIFO_INST/FIFO_INST/i_sample[19]
    SLICE_X27Y1          LUT4 (Prop_lut4_I3_O)        0.124     1.097 r  CHAIN_INST/GEN_SLOTS[0].GEN_STAGE_BRAM_ROM.STAGE_INST/GEN_FIFOS[0].FIFO_INST/FIFO_INST/arg_carry_i_6/O
                         net (fo=1, routed)           0.000     1.097    CHAIN_INST/GEN_SLOTS[0].GEN_STAGE_BRAM_ROM.STAGE_INST/PREADDER_INST/arg_inferred__0/i__carry_0[1]
    SLICE_X27Y1          CARRY4 (Prop_carry4_S[1]_CO[3])
                                                      0.550     1.647 r  CHAIN_INST/GEN_SLOTS[0].GEN_STAGE_BRAM_ROM.STAGE_INST/PREADDER_INST/arg_carry/CO[3]
                         net (fo=1, routed)           0.000     1.647    CHAIN_INST/GEN_SLOTS[0].GEN_STAGE_BRAM_ROM.STAGE_INST/PREADDER_INST/arg_carry_n_0
    SLICE_X27Y2          CARRY4 (Prop_carry4_CI_O[0])
                                                      0.222     1.869 r  CHAIN_INST/GEN_SLOTS[0].GEN_STAGE_BRAM_ROM.STAGE_INST/PREADDER_INST/arg_carry__0/O[0]
                         net (fo=1, routed)           0.607     2.476    CHAIN_INST/GEN_SLOTS[0].GEN_STAGE_BRAM_ROM.STAGE_INST/PREADDER_INST/arg_carry__0_n_7
    SLICE_X28Y2          CARRY4 (Prop_carry4_S[1]_CO[3])
                                                      0.849     3.325 r  CHAIN_INST/GEN_SLOTS[0].GEN_STAGE_BRAM_ROM.STAGE_INST/PREADDER_INST/arg_inferred__0/i__carry__0/CO[3]
                         net (fo=1, routed)           0.000     3.325    CHAIN_INST/GEN_SLOTS[0].GEN_STAGE_BRAM_ROM.STAGE_INST/PREADDER_INST/arg_inferred__0/i__carry__0_n_0
    SLICE_X28Y3          CARRY4 (Prop_carry4_CI_CO[3])
                                                      0.114     3.439 r  CHAIN_INST/GEN_SLOTS[0].GEN_STAGE_BRAM_ROM.STAGE_INST/PREADDER_INST/arg_inferred__0/i__carry__1/CO[3]
                         net (fo=1, routed)           0.000     3.439    CHAIN_INST/GEN_SLOTS[0].GEN_STAGE_BRAM_ROM.STAGE_INST/PREADDER_INST/arg_inferred__0/i__carry__1_n_0
    SLICE_X28Y4          CARRY4 (Prop_carry4_CI_CO[3])
                                                      0.114     3.553 r  CHAIN_INST/GEN_SLOTS[0].GEN_STAGE_BRAM_ROM.STAGE_INST/PREADDER_INST/arg_inferred__0/i__carry__2/CO[3]
                         net (fo=1, routed)           0.000     3.553    CHAIN_INST/GEN_SLOTS[0].GEN_STAGE_BRAM_ROM.STAGE_INST/PREADDER_INST/arg_inferred__0/i__carry__2_n_0
    SLICE_X28Y5          CARRY4 (Prop_carry4_CI_O[0])
                                                      0.222     3.775 r  CHAIN_INST/GEN_SLOTS[0].GEN_STAGE_BRAM_ROM.STAGE_INST/PREADDER_INST/arg_inferred__0/i__carry__3/O[0]
                         net (fo=2, routed)           1.161     4.936    CHAIN_INST/GEN_SLOTS[0].GEN_STAGE_BRAM_ROM.STAGE_INST/PREADDER_INST/arg_carry__2_0[0]
    SLICE_X33Y3          LUT3 (Prop_lut3_I0_O)        0.324     5.260 r  CHAIN_INST/GEN_SLOTS[0].GEN_STAGE_BRAM_ROM.STAGE_INST/PREADDER_INST/fifo_mem_reg_0_i_4/O
                         net (fo=2, routed)           0.454     5.714    CHAIN_INST/GEN_SLOTS[0].GEN_STAGE_BRAM_ROM.STAGE_INST/GEN_FIFOS[0].FIFO_INST/FIFO_INST/i_wr_data[14]
    SLICE_X34Y3          LUT6 (Prop_lut6_I5_O)        0.332     6.046 r  CHAIN_INST/GEN_SLOTS[0].GEN_STAGE_BRAM_ROM.STAGE_INST/GEN_FIFOS[0].FIFO_INST/FIFO_INST/head[14]_i_1__10/O
                         net (fo=1, routed)           0.000     6.046    CHAIN_INST/GEN_SLOTS[0].GEN_STAGE_BRAM_ROM.STAGE_INST/GEN_FIFOS[0].FIFO_INST/FIFO_INST/head[14]_i_1__10_n_0
    SLICE_X34Y3          FDRE                                         r  CHAIN_INST/GEN_SLOTS[0].GEN_STAGE_BRAM_ROM.STAGE_INST/GEN_FIFOS[0].FIFO_INST/FIFO_INST/head_reg[14]/D
  -------------------------------------------------------------------    -------------------

                         (clock sys_clk rise edge)    0.000     0.000 r  
                                                      0.000     0.000 r  i_clk (IN)
                         net (fo=15793, unset)        0.924     0.924    CHAIN_INST/GEN_SLOTS[0].GEN_STAGE_BRAM_ROM.STAGE_INST/GEN_FIFOS[0].FIFO_INST/FIFO_INST/i_clk
    SLICE_X34Y3          FDRE                                         r  CHAIN_INST/GEN_SLOTS[0].GEN_STAGE_BRAM_ROM.STAGE_INST/GEN_FIFOS[0].FIFO_INST/FIFO_INST/head_reg[14]/C

Slack:                    inf
  Source:                 i_sample[19]
                            (input port)
  Destination:            CHAIN_INST/GEN_SLOTS[0].GEN_STAGE_BRAM_ROM.STAGE_INST/GEN_FIFOS[0].FIFO_INST/FIFO_INST/fifo_mem_reg_0/DIADI[15]
                            (rising edge-triggered cell RAMB36E1 clocked by sys_clk  {rise@0.000ns fall@3.800ns period=7.600ns})
  Path Group:             (none)
  Path Type:              Setup (Max at Slow Process Corner)
  Data Path Delay:        6.039ns  (logic 2.639ns (43.696%)  route 3.400ns (56.304%))
  Logic Levels:           8  (CARRY4=6 LUT3=1 LUT4=1)
  Clock Path Skew:        0.924ns (DCD - SCD + CPR)
    Destination Clock Delay (DCD):    0.924ns
    Source Clock Delay      (SCD):    0.000ns
    Clock Pessimism Removal (CPR):    0.000ns
  Clock Uncertainty:      0.025ns  ((TSJ^2 + TIJ^2)^1/2 + DJ) / 2 + PE
    Total System Jitter     (TSJ):    0.050ns
    Total Input Jitter      (TIJ):    0.000ns
    Discrete Jitter          (DJ):    0.000ns
    Phase Error              (PE):    0.000ns

    Location             Delay type                Incr(ns)  Path(ns)    Netlist Resource(s)
  -------------------------------------------------------------------    -------------------
                                                      0.000     0.000 r  i_sample[19] (IN)
                         net (fo=5, unset)            0.973     0.973    CHAIN_INST/GEN_SLOTS[0].GEN_STAGE_BRAM_ROM.STAGE_INST/GEN_FIFOS[0].FIFO_INST/FIFO_INST/i_sample[19]
    SLICE_X27Y1          LUT4 (Prop_lut4_I3_O)        0.124     1.097 r  CHAIN_INST/GEN_SLOTS[0].GEN_STAGE_BRAM_ROM.STAGE_INST/GEN_FIFOS[0].FIFO_INST/FIFO_INST/arg_carry_i_6/O
                         net (fo=1, routed)           0.000     1.097    CHAIN_INST/GEN_SLOTS[0].GEN_STAGE_BRAM_ROM.STAGE_INST/PREADDER_INST/arg_inferred__0/i__carry_0[1]
    SLICE_X27Y1          CARRY4 (Prop_carry4_S[1]_CO[3])
                                                      0.550     1.647 r  CHAIN_INST/GEN_SLOTS[0].GEN_STAGE_BRAM_ROM.STAGE_INST/PREADDER_INST/arg_carry/CO[3]
                         net (fo=1, routed)           0.000     1.647    CHAIN_INST/GEN_SLOTS[0].GEN_STAGE_BRAM_ROM.STAGE_INST/PREADDER_INST/arg_carry_n_0
    SLICE_X27Y2          CARRY4 (Prop_carry4_CI_O[0])
                                                      0.222     1.869 r  CHAIN_INST/GEN_SLOTS[0].GEN_STAGE_BRAM_ROM.STAGE_INST/PREADDER_INST/arg_carry__0/O[0]
                         net (fo=1, routed)           0.607     2.476    CHAIN_INST/GEN_SLOTS[0].GEN_STAGE_BRAM_ROM.STAGE_INST/PREADDER_INST/arg_carry__0_n_7
    SLICE_X28Y2          CARRY4 (Prop_carry4_S[1]_CO[3])
                                                      0.849     3.325 r  CHAIN_INST/GEN_SLOTS[0].GEN_STAGE_BRAM_ROM.STAGE_INST/PREADDER_INST/arg_inferred__0/i__carry__0/CO[3]
                         net (fo=1, routed)           0.000     3.325    CHAIN_INST/GEN_SLOTS[0].GEN_STAGE_BRAM_ROM.STAGE_INST/PREADDER_INST/arg_inferred__0/i__carry__0_n_0
    SLICE_X28Y3          CARRY4 (Prop_carry4_CI_CO[3])
                                                      0.114     3.439 r  CHAIN_INST/GEN_SLOTS[0].GEN_STAGE_BRAM_ROM.STAGE_INST/PREADDER_INST/arg_inferred__0/i__carry__1/CO[3]
                         net (fo=1, routed)           0.000     3.439    CHAIN_INST/GEN_SLOTS[0].GEN_STAGE_BRAM_ROM.STAGE_INST/PREADDER_INST/arg_inferred__0/i__carry__1_n_0
    SLICE_X28Y4          CARRY4 (Prop_carry4_CI_CO[3])
                                                      0.114     3.553 r  CHAIN_INST/GEN_SLOTS[0].GEN_STAGE_BRAM_ROM.STAGE_INST/PREADDER_INST/arg_inferred__0/i__carry__2/CO[3]
                         net (fo=1, routed)           0.000     3.553    CHAIN_INST/GEN_SLOTS[0].GEN_STAGE_BRAM_ROM.STAGE_INST/PREADDER_INST/arg_inferred__0/i__carry__2_n_0
    SLICE_X28Y5          CARRY4 (Prop_carry4_CI_O[1])
                                                      0.334     3.887 r  CHAIN_INST/GEN_SLOTS[0].GEN_STAGE_BRAM_ROM.STAGE_INST/PREADDER_INST/arg_inferred__0/i__carry__3/O[1]
                         net (fo=2, routed)           1.082     4.969    CHAIN_INST/GEN_SLOTS[0].GEN_STAGE_BRAM_ROM.STAGE_INST/PREADDER_INST/arg_carry__2_0[1]
    SLICE_X33Y3          LUT3 (Prop_lut3_I0_O)        0.332     5.301 r  CHAIN_INST/GEN_SLOTS[0].GEN_STAGE_BRAM_ROM.STAGE_INST/PREADDER_INST/fifo_mem_reg_0_i_3/O
                         net (fo=2, routed)           0.738     6.039    CHAIN_INST/GEN_SLOTS[0].GEN_STAGE_BRAM_ROM.STAGE_INST/GEN_FIFOS[0].FIFO_INST/FIFO_INST/i_wr_data[15]
    RAMB36_X2Y1          RAMB36E1                                     r  CHAIN_INST/GEN_SLOTS[0].GEN_STAGE_BRAM_ROM.STAGE_INST/GEN_FIFOS[0].FIFO_INST/FIFO_INST/fifo_mem_reg_0/DIADI[15]
  -------------------------------------------------------------------    -------------------

                         (clock sys_clk rise edge)    0.000     0.000 r  
                                                      0.000     0.000 r  i_clk (IN)
                         net (fo=15793, unset)        0.924     0.924    CHAIN_INST/GEN_SLOTS[0].GEN_STAGE_BRAM_ROM.STAGE_INST/GEN_FIFOS[0].FIFO_INST/FIFO_INST/i_clk
    RAMB36_X2Y1          RAMB36E1                                     r  CHAIN_INST/GEN_SLOTS[0].GEN_STAGE_BRAM_ROM.STAGE_INST/GEN_FIFOS[0].FIFO_INST/FIFO_INST/fifo_mem_reg_0/CLKARDCLK

Slack:                    inf
  Source:                 i_sample[19]
                            (input port)
  Destination:            CHAIN_INST/GEN_SLOTS[0].GEN_STAGE_BRAM_ROM.STAGE_INST/GEN_FIFOS[0].FIFO_INST/FIFO_INST/fifo_mem_reg_0/DIADI[14]
                            (rising edge-triggered cell RAMB36E1 clocked by sys_clk  {rise@0.000ns fall@3.800ns period=7.600ns})
  Path Group:             (none)
  Path Type:              Setup (Max at Slow Process Corner)
  Data Path Delay:        5.962ns  (logic 2.519ns (42.251%)  route 3.443ns (57.749%))
  Logic Levels:           8  (CARRY4=6 LUT3=1 LUT4=1)
  Clock Path Skew:        0.924ns (DCD - SCD + CPR)
    Destination Clock Delay (DCD):    0.924ns
    Source Clock Delay      (SCD):    0.000ns
    Clock Pessimism Removal (CPR):    0.000ns
  Clock Uncertainty:      0.025ns  ((TSJ^2 + TIJ^2)^1/2 + DJ) / 2 + PE
    Total System Jitter     (TSJ):    0.050ns
    Total Input Jitter      (TIJ):    0.000ns
    Discrete Jitter          (DJ):    0.000ns
    Phase Error              (PE):    0.000ns

    Location             Delay type                Incr(ns)  Path(ns)    Netlist Resource(s)
  -------------------------------------------------------------------    -------------------
                                                      0.000     0.000 r  i_sample[19] (IN)
                         net (fo=5, unset)            0.973     0.973    CHAIN_INST/GEN_SLOTS[0].GEN_STAGE_BRAM_ROM.STAGE_INST/GEN_FIFOS[0].FIFO_INST/FIFO_INST/i_sample[19]
    SLICE_X27Y1          LUT4 (Prop_lut4_I3_O)        0.124     1.097 r  CHAIN_INST/GEN_SLOTS[0].GEN_STAGE_BRAM_ROM.STAGE_INST/GEN_FIFOS[0].FIFO_INST/FIFO_INST/arg_carry_i_6/O
                         net (fo=1, routed)           0.000     1.097    CHAIN_INST/GEN_SLOTS[0].GEN_STAGE_BRAM_ROM.STAGE_INST/PREADDER_INST/arg_inferred__0/i__carry_0[1]
    SLICE_X27Y1          CARRY4 (Prop_carry4_S[1]_CO[3])
                                                      0.550     1.647 r  CHAIN_INST/GEN_SLOTS[0].GEN_STAGE_BRAM_ROM.STAGE_INST/PREADDER_INST/arg_carry/CO[3]
                         net (fo=1, routed)           0.000     1.647    CHAIN_INST/GEN_SLOTS[0].GEN_STAGE_BRAM_ROM.STAGE_INST/PREADDER_INST/arg_carry_n_0
    SLICE_X27Y2          CARRY4 (Prop_carry4_CI_O[0])
                                                      0.222     1.869 r  CHAIN_INST/GEN_SLOTS[0].GEN_STAGE_BRAM_ROM.STAGE_INST/PREADDER_INST/arg_carry__0/O[0]
                         net (fo=1, routed)           0.607     2.476    CHAIN_INST/GEN_SLOTS[0].GEN_STAGE_BRAM_ROM.STAGE_INST/PREADDER_INST/arg_carry__0_n_7
    SLICE_X28Y2          CARRY4 (Prop_carry4_S[1]_CO[3])
                                                      0.849     3.325 r  CHAIN_INST/GEN_SLOTS[0].GEN_STAGE_BRAM_ROM.STAGE_INST/PREADDER_INST/arg_inferred__0/i__carry__0/CO[3]
                         net (fo=1, routed)           0.000     3.325    CHAIN_INST/GEN_SLOTS[0].GEN_STAGE_BRAM_ROM.STAGE_INST/PREADDER_INST/arg_inferred__0/i__carry__0_n_0
    SLICE_X28Y3          CARRY4 (Prop_carry4_CI_CO[3])
                                                      0.114     3.439 r  CHAIN_INST/GEN_SLOTS[0].GEN_STAGE_BRAM_ROM.STAGE_INST/PREADDER_INST/arg_inferred__0/i__carry__1/CO[3]
                         net (fo=1, routed)           0.000     3.439    CHAIN_INST/GEN_SLOTS[0].GEN_STAGE_BRAM_ROM.STAGE_INST/PREADDER_INST/arg_inferred__0/i__carry__1_n_0
    SLICE_X28Y4          CARRY4 (Prop_carry4_CI_CO[3])
                                                      0.114     3.553 r  CHAIN_INST/GEN_SLOTS[0].GEN_STAGE_BRAM_ROM.STAGE_INST/PREADDER_INST/arg_inferred__0/i__carry__2/CO[3]
                         net (fo=1, routed)           0.000     3.553    CHAIN_INST/GEN_SLOTS[0].GEN_STAGE_BRAM_ROM.STAGE_INST/PREADDER_INST/arg_inferred__0/i__carry__2_n_0
    SLICE_X28Y5          CARRY4 (Prop_carry4_CI_O[0])
                                                      0.222     3.775 r  CHAIN_INST/GEN_SLOTS[0].GEN_STAGE_BRAM_ROM.STAGE_INST/PREADDER_INST/arg_inferred__0/i__carry__3/O[0]
                         net (fo=2, routed)           1.161     4.936    CHAIN_INST/GEN_SLOTS[0].GEN_STAGE_BRAM_ROM.STAGE_INST/PREADDER_INST/arg_carry__2_0[0]
    SLICE_X33Y3          LUT3 (Prop_lut3_I0_O)        0.324     5.260 r  CHAIN_INST/GEN_SLOTS[0].GEN_STAGE_BRAM_ROM.STAGE_INST/PREADDER_INST/fifo_mem_reg_0_i_4/O
                         net (fo=2, routed)           0.702     5.962    CHAIN_INST/GEN_SLOTS[0].GEN_STAGE_BRAM_ROM.STAGE_INST/GEN_FIFOS[0].FIFO_INST/FIFO_INST/i_wr_data[14]
    RAMB36_X2Y1          RAMB36E1                                     r  CHAIN_INST/GEN_SLOTS[0].GEN_STAGE_BRAM_ROM.STAGE_INST/GEN_FIFOS[0].FIFO_INST/FIFO_INST/fifo_mem_reg_0/DIADI[14]
  -------------------------------------------------------------------    -------------------

                         (clock sys_clk rise edge)    0.000     0.000 r  
                                                      0.000     0.000 r  i_clk (IN)
                         net (fo=15793, unset)        0.924     0.924    CHAIN_INST/GEN_SLOTS[0].GEN_STAGE_BRAM_ROM.STAGE_INST/GEN_FIFOS[0].FIFO_INST/FIFO_INST/i_clk
    RAMB36_X2Y1          RAMB36E1                                     r  CHAIN_INST/GEN_SLOTS[0].GEN_STAGE_BRAM_ROM.STAGE_INST/GEN_FIFOS[0].FIFO_INST/FIFO_INST/fifo_mem_reg_0/CLKARDCLK

Slack:                    inf
  Source:                 i_sample[19]
                            (input port)
  Destination:            CHAIN_INST/GEN_SLOTS[0].GEN_STAGE_BRAM_ROM.STAGE_INST/GEN_FIFOS[0].FIFO_INST/FIFO_INST/fifo_mem_reg_0/DIPADIP[1]
                            (rising edge-triggered cell RAMB36E1 clocked by sys_clk  {rise@0.000ns fall@3.800ns period=7.600ns})
  Path Group:             (none)
  Path Type:              Setup (Max at Slow Process Corner)
  Data Path Delay:        5.920ns  (logic 2.624ns (44.327%)  route 3.296ns (55.673%))
  Logic Levels:           8  (CARRY4=6 LUT3=1 LUT4=1)
  Clock Path Skew:        0.924ns (DCD - SCD + CPR)
    Destination Clock Delay (DCD):    0.924ns
    Source Clock Delay      (SCD):    0.000ns
    Clock Pessimism Removal (CPR):    0.000ns
  Clock Uncertainty:      0.025ns  ((TSJ^2 + TIJ^2)^1/2 + DJ) / 2 + PE
    Total System Jitter     (TSJ):    0.050ns
    Total Input Jitter      (TIJ):    0.000ns
    Discrete Jitter          (DJ):    0.000ns
    Phase Error              (PE):    0.000ns

    Location             Delay type                Incr(ns)  Path(ns)    Netlist Resource(s)
  -------------------------------------------------------------------    -------------------
                                                      0.000     0.000 r  i_sample[19] (IN)
                         net (fo=5, unset)            0.973     0.973    CHAIN_INST/GEN_SLOTS[0].GEN_STAGE_BRAM_ROM.STAGE_INST/GEN_FIFOS[0].FIFO_INST/FIFO_INST/i_sample[19]
    SLICE_X27Y1          LUT4 (Prop_lut4_I3_O)        0.124     1.097 r  CHAIN_INST/GEN_SLOTS[0].GEN_STAGE_BRAM_ROM.STAGE_INST/GEN_FIFOS[0].FIFO_INST/FIFO_INST/arg_carry_i_6/O
                         net (fo=1, routed)           0.000     1.097    CHAIN_INST/GEN_SLOTS[0].GEN_STAGE_BRAM_ROM.STAGE_INST/PREADDER_INST/arg_inferred__0/i__carry_0[1]
    SLICE_X27Y1          CARRY4 (Prop_carry4_S[1]_CO[3])
                                                      0.550     1.647 r  CHAIN_INST/GEN_SLOTS[0].GEN_STAGE_BRAM_ROM.STAGE_INST/PREADDER_INST/arg_carry/CO[3]
                         net (fo=1, routed)           0.000     1.647    CHAIN_INST/GEN_SLOTS[0].GEN_STAGE_BRAM_ROM.STAGE_INST/PREADDER_INST/arg_carry_n_0
    SLICE_X27Y2          CARRY4 (Prop_carry4_CI_O[0])
                                                      0.222     1.869 r  CHAIN_INST/GEN_SLOTS[0].GEN_STAGE_BRAM_ROM.STAGE_INST/PREADDER_INST/arg_carry__0/O[0]
                         net (fo=1, routed)           0.607     2.476    CHAIN_INST/GEN_SLOTS[0].GEN_STAGE_BRAM_ROM.STAGE_INST/PREADDER_INST/arg_carry__0_n_7
    SLICE_X28Y2          CARRY4 (Prop_carry4_S[1]_CO[3])
                                                      0.849     3.325 r  CHAIN_INST/GEN_SLOTS[0].GEN_STAGE_BRAM_ROM.STAGE_INST/PREADDER_INST/arg_inferred__0/i__carry__0/CO[3]
                         net (fo=1, routed)           0.000     3.325    CHAIN_INST/GEN_SLOTS[0].GEN_STAGE_BRAM_ROM.STAGE_INST/PREADDER_INST/arg_inferred__0/i__carry__0_n_0
    SLICE_X28Y3          CARRY4 (Prop_carry4_CI_CO[3])
                                                      0.114     3.439 r  CHAIN_INST/GEN_SLOTS[0].GEN_STAGE_BRAM_ROM.STAGE_INST/PREADDER_INST/arg_inferred__0/i__carry__1/CO[3]
                         net (fo=1, routed)           0.000     3.439    CHAIN_INST/GEN_SLOTS[0].GEN_STAGE_BRAM_ROM.STAGE_INST/PREADDER_INST/arg_inferred__0/i__carry__1_n_0
    SLICE_X28Y4          CARRY4 (Prop_carry4_CI_CO[3])
                                                      0.114     3.553 r  CHAIN_INST/GEN_SLOTS[0].GEN_STAGE_BRAM_ROM.STAGE_INST/PREADDER_INST/arg_inferred__0/i__carry__2/CO[3]
                         net (fo=1, routed)           0.000     3.553    CHAIN_INST/GEN_SLOTS[0].GEN_STAGE_BRAM_ROM.STAGE_INST/PREADDER_INST/arg_inferred__0/i__carry__2_n_0
    SLICE_X28Y5          CARRY4 (Prop_carry4_CI_O[3])
                                                      0.313     3.866 r  CHAIN_INST/GEN_SLOTS[0].GEN_STAGE_BRAM_ROM.STAGE_INST/PREADDER_INST/arg_inferred__0/i__carry__3/O[3]
                         net (fo=2, routed)           1.212     5.079    CHAIN_INST/GEN_SLOTS[0].GEN_STAGE_BRAM_ROM.STAGE_INST/PREADDER_INST/arg_carry__2_0[3]
    SLICE_X32Y4          LUT3 (Prop_lut3_I0_O)        0.338     5.417 r  CHAIN_INST/GEN_SLOTS[0].GEN_STAGE_BRAM_ROM.STAGE_INST/PREADDER_INST/fifo_mem_reg_0_i_19/O
                         net (fo=2, routed)           0.503     5.920    CHAIN_INST/GEN_SLOTS[0].GEN_STAGE_BRAM_ROM.STAGE_INST/GEN_FIFOS[0].FIFO_INST/FIFO_INST/i_wr_data[17]
    RAMB36_X2Y1          RAMB36E1                                     r  CHAIN_INST/GEN_SLOTS[0].GEN_STAGE_BRAM_ROM.STAGE_INST/GEN_FIFOS[0].FIFO_INST/FIFO_INST/fifo_mem_reg_0/DIPADIP[1]
  -------------------------------------------------------------------    -------------------

                         (clock sys_clk rise edge)    0.000     0.000 r  
                                                      0.000     0.000 r  i_clk (IN)
                         net (fo=15793, unset)        0.924     0.924    CHAIN_INST/GEN_SLOTS[0].GEN_STAGE_BRAM_ROM.STAGE_INST/GEN_FIFOS[0].FIFO_INST/FIFO_INST/i_clk
    RAMB36_X2Y1          RAMB36E1                                     r  CHAIN_INST/GEN_SLOTS[0].GEN_STAGE_BRAM_ROM.STAGE_INST/GEN_FIFOS[0].FIFO_INST/FIFO_INST/fifo_mem_reg_0/CLKARDCLK

Slack:                    inf
  Source:                 i_sample[1]
                            (input port)
  Destination:            CHAIN_INST/GEN_SLOTS[0].GEN_STAGE_BRAM_ROM.STAGE_INST/GEN_FIFOS[0].FIFO_INST/FIFO_INST/head_reg[34]/D
                            (rising edge-triggered cell FDRE clocked by sys_clk  {rise@0.000ns fall@3.800ns period=7.600ns})
  Path Group:             (none)
  Path Type:              Setup (Max at Slow Process Corner)
  Data Path Delay:        5.878ns  (logic 2.826ns (48.078%)  route 3.052ns (51.922%))
  Logic Levels:           8  (CARRY4=5 LUT3=1 LUT4=1 LUT6=1)
  Clock Path Skew:        0.924ns (DCD - SCD + CPR)
    Destination Clock Delay (DCD):    0.924ns
    Source Clock Delay      (SCD):    0.000ns
    Clock Pessimism Removal (CPR):    0.000ns
  Clock Uncertainty:      0.025ns  ((TSJ^2 + TIJ^2)^1/2 + DJ) / 2 + PE
    Total System Jitter     (TSJ):    0.050ns
    Total Input Jitter      (TIJ):    0.000ns
    Discrete Jitter          (DJ):    0.000ns
    Phase Error              (PE):    0.000ns

    Location             Delay type                Incr(ns)  Path(ns)    Netlist Resource(s)
  -------------------------------------------------------------------    -------------------
                                                      0.000     0.000 r  i_sample[1] (IN)
                         net (fo=5, unset)            0.973     0.973    CHAIN_INST/GEN_SLOTS[0].GEN_STAGE_BRAM_ROM.STAGE_INST/GEN_FIFOS[0].FIFO_INST/FIFO_INST/i_sample[1]
    SLICE_X30Y0          LUT4 (Prop_lut4_I3_O)        0.124     1.097 r  CHAIN_INST/GEN_SLOTS[0].GEN_STAGE_BRAM_ROM.STAGE_INST/GEN_FIFOS[0].FIFO_INST/FIFO_INST/i__carry_i_6/O
                         net (fo=1, routed)           0.000     1.097    CHAIN_INST/GEN_SLOTS[0].GEN_STAGE_BRAM_ROM.STAGE_INST/PREADDER_INST/arg_inferred__2/i__carry_1[1]
    SLICE_X30Y0          CARRY4 (Prop_carry4_S[1]_CO[3])
                                                      0.533     1.630 r  CHAIN_INST/GEN_SLOTS[0].GEN_STAGE_BRAM_ROM.STAGE_INST/PREADDER_INST/arg_inferred__1/i__carry/CO[3]
                         net (fo=1, routed)           0.000     1.630    CHAIN_INST/GEN_SLOTS[0].GEN_STAGE_BRAM_ROM.STAGE_INST/PREADDER_INST/arg_inferred__1/i__carry_n_0
    SLICE_X30Y1          CARRY4 (Prop_carry4_CI_CO[3])
                                                      0.117     1.747 r  CHAIN_INST/GEN_SLOTS[0].GEN_STAGE_BRAM_ROM.STAGE_INST/PREADDER_INST/arg_inferred__1/i__carry__0/CO[3]
                         net (fo=1, routed)           0.000     1.747    CHAIN_INST/GEN_SLOTS[0].GEN_STAGE_BRAM_ROM.STAGE_INST/PREADDER_INST/arg_inferred__1/i__carry__0_n_0
    SLICE_X30Y2          CARRY4 (Prop_carry4_CI_O[3])
                                                      0.315     2.062 r  CHAIN_INST/GEN_SLOTS[0].GEN_STAGE_BRAM_ROM.STAGE_INST/PREADDER_INST/arg_inferred__1/i__carry__1/O[3]
                         net (fo=1, routed)           0.629     2.691    CHAIN_INST/GEN_SLOTS[0].GEN_STAGE_BRAM_ROM.STAGE_INST/PREADDER_INST/arg[13]
    SLICE_X31Y3          CARRY4 (Prop_carry4_S[0]_CO[3])
                                                      0.839     3.530 r  CHAIN_INST/GEN_SLOTS[0].GEN_STAGE_BRAM_ROM.STAGE_INST/PREADDER_INST/arg_inferred__2/i__carry__2/CO[3]
                         net (fo=1, routed)           0.000     3.530    CHAIN_INST/GEN_SLOTS[0].GEN_STAGE_BRAM_ROM.STAGE_INST/PREADDER_INST/arg_inferred__2/i__carry__2_n_0
    SLICE_X31Y4          CARRY4 (Prop_carry4_CI_O[2])
                                                      0.239     3.769 r  CHAIN_INST/GEN_SLOTS[0].GEN_STAGE_BRAM_ROM.STAGE_INST/PREADDER_INST/arg_inferred__2/i__carry__3/O[2]
                         net (fo=2, routed)           0.783     4.552    CHAIN_INST/GEN_SLOTS[0].GEN_STAGE_BRAM_ROM.STAGE_INST/PREADDER_INST/arg_inferred__1/i__carry__2_0[2]
    SLICE_X29Y2          LUT3 (Prop_lut3_I0_O)        0.327     4.879 r  CHAIN_INST/GEN_SLOTS[0].GEN_STAGE_BRAM_ROM.STAGE_INST/PREADDER_INST/fifo_mem_reg_1_i_18/O
                         net (fo=2, routed)           0.667     5.546    CHAIN_INST/GEN_SLOTS[0].GEN_STAGE_BRAM_ROM.STAGE_INST/GEN_FIFOS[0].FIFO_INST/FIFO_INST/i_wr_data[34]
    SLICE_X32Y2          LUT6 (Prop_lut6_I5_O)        0.332     5.878 r  CHAIN_INST/GEN_SLOTS[0].GEN_STAGE_BRAM_ROM.STAGE_INST/GEN_FIFOS[0].FIFO_INST/FIFO_INST/head[34]_i_1__10/O
                         net (fo=1, routed)           0.000     5.878    CHAIN_INST/GEN_SLOTS[0].GEN_STAGE_BRAM_ROM.STAGE_INST/GEN_FIFOS[0].FIFO_INST/FIFO_INST/head[34]_i_1__10_n_0
    SLICE_X32Y2          FDRE                                         r  CHAIN_INST/GEN_SLOTS[0].GEN_STAGE_BRAM_ROM.STAGE_INST/GEN_FIFOS[0].FIFO_INST/FIFO_INST/head_reg[34]/D
  -------------------------------------------------------------------    -------------------

                         (clock sys_clk rise edge)    0.000     0.000 r  
                                                      0.000     0.000 r  i_clk (IN)
                         net (fo=15793, unset)        0.924     0.924    CHAIN_INST/GEN_SLOTS[0].GEN_STAGE_BRAM_ROM.STAGE_INST/GEN_FIFOS[0].FIFO_INST/FIFO_INST/i_clk
    SLICE_X32Y2          FDRE                                         r  CHAIN_INST/GEN_SLOTS[0].GEN_STAGE_BRAM_ROM.STAGE_INST/GEN_FIFOS[0].FIFO_INST/FIFO_INST/head_reg[34]/C

Slack:                    inf
  Source:                 i_sample[19]
                            (input port)
  Destination:            CHAIN_INST/GEN_SLOTS[0].GEN_STAGE_BRAM_ROM.STAGE_INST/GEN_FIFOS[0].FIFO_INST/FIFO_INST/fifo_mem_reg_0/DIADI[13]
                            (rising edge-triggered cell RAMB36E1 clocked by sys_clk  {rise@0.000ns fall@3.800ns period=7.600ns})
  Path Group:             (none)
  Path Type:              Setup (Max at Slow Process Corner)
  Data Path Delay:        5.789ns  (logic 2.478ns (42.807%)  route 3.311ns (57.193%))
  Logic Levels:           7  (CARRY4=5 LUT3=1 LUT4=1)
  Clock Path Skew:        0.924ns (DCD - SCD + CPR)
    Destination Clock Delay (DCD):    0.924ns
    Source Clock Delay      (SCD):    0.000ns
    Clock Pessimism Removal (CPR):    0.000ns
  Clock Uncertainty:      0.025ns  ((TSJ^2 + TIJ^2)^1/2 + DJ) / 2 + PE
    Total System Jitter     (TSJ):    0.050ns
    Total Input Jitter      (TIJ):    0.000ns
    Discrete Jitter          (DJ):    0.000ns
    Phase Error              (PE):    0.000ns

    Location             Delay type                Incr(ns)  Path(ns)    Netlist Resource(s)
  -------------------------------------------------------------------    -------------------
                                                      0.000     0.000 r  i_sample[19] (IN)
                         net (fo=5, unset)            0.973     0.973    CHAIN_INST/GEN_SLOTS[0].GEN_STAGE_BRAM_ROM.STAGE_INST/GEN_FIFOS[0].FIFO_INST/FIFO_INST/i_sample[19]
    SLICE_X27Y1          LUT4 (Prop_lut4_I3_O)        0.124     1.097 r  CHAIN_INST/GEN_SLOTS[0].GEN_STAGE_BRAM_ROM.STAGE_INST/GEN_FIFOS[0].FIFO_INST/FIFO_INST/arg_carry_i_6/O
                         net (fo=1, routed)           0.000     1.097    CHAIN_INST/GEN_SLOTS[0].GEN_STAGE_BRAM_ROM.STAGE_INST/PREADDER_INST/arg_inferred__0/i__carry_0[1]
    SLICE_X27Y1          CARRY4 (Prop_carry4_S[1]_CO[3])
                                                      0.550     1.647 r  CHAIN_INST/GEN_SLOTS[0].GEN_STAGE_BRAM_ROM.STAGE_INST/PREADDER_INST/arg_carry/CO[3]
                         net (fo=1, routed)           0.000     1.647    CHAIN_INST/GEN_SLOTS[0].GEN_STAGE_BRAM_ROM.STAGE_INST/PREADDER_INST/arg_carry_n_0
    SLICE_X27Y2          CARRY4 (Prop_carry4_CI_O[0])
                                                      0.222     1.869 r  CHAIN_INST/GEN_SLOTS[0].GEN_STAGE_BRAM_ROM.STAGE_INST/PREADDER_INST/arg_carry__0/O[0]
                         net (fo=1, routed)           0.607     2.476    CHAIN_INST/GEN_SLOTS[0].GEN_STAGE_BRAM_ROM.STAGE_INST/PREADDER_INST/arg_carry__0_n_7
    SLICE_X28Y2          CARRY4 (Prop_carry4_S[1]_CO[3])
                                                      0.849     3.325 r  CHAIN_INST/GEN_SLOTS[0].GEN_STAGE_BRAM_ROM.STAGE_INST/PREADDER_INST/arg_inferred__0/i__carry__0/CO[3]
                         net (fo=1, routed)           0.000     3.325    CHAIN_INST/GEN_SLOTS[0].GEN_STAGE_BRAM_ROM.STAGE_INST/PREADDER_INST/arg_inferred__0/i__carry__0_n_0
    SLICE_X28Y3          CARRY4 (Prop_carry4_CI_CO[3])
                                                      0.114     3.439 r  CHAIN_INST/GEN_SLOTS[0].GEN_STAGE_BRAM_ROM.STAGE_INST/PREADDER_INST/arg_inferred__0/i__carry__1/CO[3]
                         net (fo=1, routed)           0.000     3.439    CHAIN_INST/GEN_SLOTS[0].GEN_STAGE_BRAM_ROM.STAGE_INST/PREADDER_INST/arg_inferred__0/i__carry__1_n_0
    SLICE_X28Y4          CARRY4 (Prop_carry4_CI_O[3])
                                                      0.313     3.752 r  CHAIN_INST/GEN_SLOTS[0].GEN_STAGE_BRAM_ROM.STAGE_INST/PREADDER_INST/arg_inferred__0/i__carry__2/O[3]
                         net (fo=2, routed)           0.877     4.630    CHAIN_INST/GEN_SLOTS[0].GEN_STAGE_BRAM_ROM.STAGE_INST/PREADDER_INST/arg_carry__1_0[3]
    SLICE_X33Y3          LUT3 (Prop_lut3_I0_O)        0.306     4.936 r  CHAIN_INST/GEN_SLOTS[0].GEN_STAGE_BRAM_ROM.STAGE_INST/PREADDER_INST/fifo_mem_reg_0_i_5/O
                         net (fo=2, routed)           0.853     5.789    CHAIN_INST/GEN_SLOTS[0].GEN_STAGE_BRAM_ROM.STAGE_INST/GEN_FIFOS[0].FIFO_INST/FIFO_INST/i_wr_data[13]
    RAMB36_X2Y1          RAMB36E1                                     r  CHAIN_INST/GEN_SLOTS[0].GEN_STAGE_BRAM_ROM.STAGE_INST/GEN_FIFOS[0].FIFO_INST/FIFO_INST/fifo_mem_reg_0/DIADI[13]
  -------------------------------------------------------------------    -------------------

                         (clock sys_clk rise edge)    0.000     0.000 r  
                                                      0.000     0.000 r  i_clk (IN)
                         net (fo=15793, unset)        0.924     0.924    CHAIN_INST/GEN_SLOTS[0].GEN_STAGE_BRAM_ROM.STAGE_INST/GEN_FIFOS[0].FIFO_INST/FIFO_INST/i_clk
    RAMB36_X2Y1          RAMB36E1                                     r  CHAIN_INST/GEN_SLOTS[0].GEN_STAGE_BRAM_ROM.STAGE_INST/GEN_FIFOS[0].FIFO_INST/FIFO_INST/fifo_mem_reg_0/CLKARDCLK

Slack:                    inf
  Source:                 i_sample[1]
                            (input port)
  Destination:            CHAIN_INST/GEN_SLOTS[0].GEN_STAGE_BRAM_ROM.STAGE_INST/GEN_FIFOS[0].FIFO_INST/FIFO_INST/head_reg[35]/D
                            (rising edge-triggered cell FDRE clocked by sys_clk  {rise@0.000ns fall@3.800ns period=7.600ns})
  Path Group:             (none)
  Path Type:              Setup (Max at Slow Process Corner)
  Data Path Delay:        5.778ns  (logic 2.907ns (50.308%)  route 2.871ns (49.692%))
  Logic Levels:           8  (CARRY4=5 LUT3=1 LUT4=1 LUT6=1)
  Clock Path Skew:        0.924ns (DCD - SCD + CPR)
    Destination Clock Delay (DCD):    0.924ns
    Source Clock Delay      (SCD):    0.000ns
    Clock Pessimism Removal (CPR):    0.000ns
  Clock Uncertainty:      0.025ns  ((TSJ^2 + TIJ^2)^1/2 + DJ) / 2 + PE
    Total System Jitter     (TSJ):    0.050ns
    Total Input Jitter      (TIJ):    0.000ns
    Discrete Jitter          (DJ):    0.000ns
    Phase Error              (PE):    0.000ns

    Location             Delay type                Incr(ns)  Path(ns)    Netlist Resource(s)
  -------------------------------------------------------------------    -------------------
                                                      0.000     0.000 r  i_sample[1] (IN)
                         net (fo=5, unset)            0.973     0.973    CHAIN_INST/GEN_SLOTS[0].GEN_STAGE_BRAM_ROM.STAGE_INST/GEN_FIFOS[0].FIFO_INST/FIFO_INST/i_sample[1]
    SLICE_X30Y0          LUT4 (Prop_lut4_I3_O)        0.124     1.097 r  CHAIN_INST/GEN_SLOTS[0].GEN_STAGE_BRAM_ROM.STAGE_INST/GEN_FIFOS[0].FIFO_INST/FIFO_INST/i__carry_i_6/O
                         net (fo=1, routed)           0.000     1.097    CHAIN_INST/GEN_SLOTS[0].GEN_STAGE_BRAM_ROM.STAGE_INST/PREADDER_INST/arg_inferred__2/i__carry_1[1]
    SLICE_X30Y0          CARRY4 (Prop_carry4_S[1]_CO[3])
                                                      0.533     1.630 r  CHAIN_INST/GEN_SLOTS[0].GEN_STAGE_BRAM_ROM.STAGE_INST/PREADDER_INST/arg_inferred__1/i__carry/CO[3]
                         net (fo=1, routed)           0.000     1.630    CHAIN_INST/GEN_SLOTS[0].GEN_STAGE_BRAM_ROM.STAGE_INST/PREADDER_INST/arg_inferred__1/i__carry_n_0
    SLICE_X30Y1          CARRY4 (Prop_carry4_CI_CO[3])
                                                      0.117     1.747 r  CHAIN_INST/GEN_SLOTS[0].GEN_STAGE_BRAM_ROM.STAGE_INST/PREADDER_INST/arg_inferred__1/i__carry__0/CO[3]
                         net (fo=1, routed)           0.000     1.747    CHAIN_INST/GEN_SLOTS[0].GEN_STAGE_BRAM_ROM.STAGE_INST/PREADDER_INST/arg_inferred__1/i__carry__0_n_0
    SLICE_X30Y2          CARRY4 (Prop_carry4_CI_O[3])
                                                      0.315     2.062 r  CHAIN_INST/GEN_SLOTS[0].GEN_STAGE_BRAM_ROM.STAGE_INST/PREADDER_INST/arg_inferred__1/i__carry__1/O[3]
                         net (fo=1, routed)           0.629     2.691    CHAIN_INST/GEN_SLOTS[0].GEN_STAGE_BRAM_ROM.STAGE_INST/PREADDER_INST/arg[13]
    SLICE_X31Y3          CARRY4 (Prop_carry4_S[0]_CO[3])
                                                      0.839     3.530 r  CHAIN_INST/GEN_SLOTS[0].GEN_STAGE_BRAM_ROM.STAGE_INST/PREADDER_INST/arg_inferred__2/i__carry__2/CO[3]
                         net (fo=1, routed)           0.000     3.530    CHAIN_INST/GEN_SLOTS[0].GEN_STAGE_BRAM_ROM.STAGE_INST/PREADDER_INST/arg_inferred__2/i__carry__2_n_0
    SLICE_X31Y4          CARRY4 (Prop_carry4_CI_O[3])
                                                      0.313     3.843 r  CHAIN_INST/GEN_SLOTS[0].GEN_STAGE_BRAM_ROM.STAGE_INST/PREADDER_INST/arg_inferred__2/i__carry__3/O[3]
                         net (fo=2, routed)           0.953     4.796    CHAIN_INST/GEN_SLOTS[0].GEN_STAGE_BRAM_ROM.STAGE_INST/PREADDER_INST/arg_inferred__1/i__carry__2_0[3]
    SLICE_X32Y4          LUT3 (Prop_lut3_I0_O)        0.335     5.131 r  CHAIN_INST/GEN_SLOTS[0].GEN_STAGE_BRAM_ROM.STAGE_INST/PREADDER_INST/fifo_mem_reg_1_i_17/O
                         net (fo=2, routed)           0.317     5.447    CHAIN_INST/GEN_SLOTS[0].GEN_STAGE_BRAM_ROM.STAGE_INST/GEN_FIFOS[0].FIFO_INST/FIFO_INST/i_wr_data[35]
    SLICE_X32Y3          LUT6 (Prop_lut6_I5_O)        0.331     5.778 r  CHAIN_INST/GEN_SLOTS[0].GEN_STAGE_BRAM_ROM.STAGE_INST/GEN_FIFOS[0].FIFO_INST/FIFO_INST/head[35]_i_2__10/O
                         net (fo=1, routed)           0.000     5.778    CHAIN_INST/GEN_SLOTS[0].GEN_STAGE_BRAM_ROM.STAGE_INST/GEN_FIFOS[0].FIFO_INST/FIFO_INST/head[35]_i_2__10_n_0
    SLICE_X32Y3          FDRE                                         r  CHAIN_INST/GEN_SLOTS[0].GEN_STAGE_BRAM_ROM.STAGE_INST/GEN_FIFOS[0].FIFO_INST/FIFO_INST/head_reg[35]/D
  -------------------------------------------------------------------    -------------------

                         (clock sys_clk rise edge)    0.000     0.000 r  
                                                      0.000     0.000 r  i_clk (IN)
                         net (fo=15793, unset)        0.924     0.924    CHAIN_INST/GEN_SLOTS[0].GEN_STAGE_BRAM_ROM.STAGE_INST/GEN_FIFOS[0].FIFO_INST/FIFO_INST/i_clk
    SLICE_X32Y3          FDRE                                         r  CHAIN_INST/GEN_SLOTS[0].GEN_STAGE_BRAM_ROM.STAGE_INST/GEN_FIFOS[0].FIFO_INST/FIFO_INST/head_reg[35]/C

Slack:                    inf
  Source:                 i_sample[18]
                            (input port)
  Destination:            CHAIN_INST/GEN_SLOTS[0].GEN_STAGE_BRAM_ROM.STAGE_INST/GEN_ROT_MULT.rot_word_d_reg[5][im][1]_srl5/D
                            (rising edge-triggered cell SRL16E clocked by sys_clk  {rise@0.000ns fall@3.800ns period=7.600ns})
  Path Group:             (none)
  Path Type:              Setup (Max at Slow Process Corner)
  Data Path Delay:        5.763ns  (logic 2.574ns (44.666%)  route 3.189ns (55.334%))
  Logic Levels:           8  (CARRY4=6 LUT2=1 LUT3=1)
  Clock Path Skew:        0.924ns (DCD - SCD + CPR)
    Destination Clock Delay (DCD):    0.924ns
    Source Clock Delay      (SCD):    0.000ns
    Clock Pessimism Removal (CPR):    0.000ns
  Clock Uncertainty:      0.025ns  ((TSJ^2 + TIJ^2)^1/2 + DJ) / 2 + PE
    Total System Jitter     (TSJ):    0.050ns
    Total Input Jitter      (TIJ):    0.000ns
    Discrete Jitter          (DJ):    0.000ns
    Phase Error              (PE):    0.000ns

    Location             Delay type                Incr(ns)  Path(ns)    Netlist Resource(s)
  -------------------------------------------------------------------    -------------------
                                                      0.000     0.000 r  i_sample[18] (IN)
                         net (fo=5, unset)            0.973     0.973    CHAIN_INST/GEN_SLOTS[0].GEN_STAGE_BRAM_ROM.STAGE_INST/GEN_FIFOS[0].FIFO_INST/FIFO_INST/i_sample[18]
    SLICE_X23Y1          LUT2 (Prop_lut2_I1_O)        0.124     1.097 r  CHAIN_INST/GEN_SLOTS[0].GEN_STAGE_BRAM_ROM.STAGE_INST/GEN_FIFOS[0].FIFO_INST/FIFO_INST/i__carry_i_3__1/O
                         net (fo=1, routed)           0.000     1.097    CHAIN_INST/GEN_SLOTS[0].GEN_STAGE_BRAM_ROM.STAGE_INST/PREADDER_INST/arg_inferred__6/i__carry_0[0]
    SLICE_X23Y1          CARRY4 (Prop_carry4_S[1]_CO[3])
                                                      0.550     1.647 r  CHAIN_INST/GEN_SLOTS[0].GEN_STAGE_BRAM_ROM.STAGE_INST/PREADDER_INST/arg_inferred__5/i__carry/CO[3]
                         net (fo=1, routed)           0.000     1.647    CHAIN_INST/GEN_SLOTS[0].GEN_STAGE_BRAM_ROM.STAGE_INST/PREADDER_INST/arg_inferred__5/i__carry_n_0
    SLICE_X23Y2          CARRY4 (Prop_carry4_CI_O[0])
                                                      0.222     1.869 r  CHAIN_INST/GEN_SLOTS[0].GEN_STAGE_BRAM_ROM.STAGE_INST/PREADDER_INST/arg_inferred__5/i__carry__0/O[0]
                         net (fo=1, routed)           0.603     2.472    CHAIN_INST/GEN_SLOTS[0].GEN_STAGE_BRAM_ROM.STAGE_INST/PREADDER_INST/arg_inferred__5/i__carry__0_n_7
    SLICE_X21Y2          CARRY4 (Prop_carry4_S[0]_CO[3])
                                                      0.831     3.303 r  CHAIN_INST/GEN_SLOTS[0].GEN_STAGE_BRAM_ROM.STAGE_INST/PREADDER_INST/arg_inferred__6/i__carry__0/CO[3]
                         net (fo=1, routed)           0.000     3.303    CHAIN_INST/GEN_SLOTS[0].GEN_STAGE_BRAM_ROM.STAGE_INST/PREADDER_INST/arg_inferred__6/i__carry__0_n_0
    SLICE_X21Y3          CARRY4 (Prop_carry4_CI_CO[3])
                                                      0.114     3.417 r  CHAIN_INST/GEN_SLOTS[0].GEN_STAGE_BRAM_ROM.STAGE_INST/PREADDER_INST/arg_inferred__6/i__carry__1/CO[3]
                         net (fo=1, routed)           0.000     3.417    CHAIN_INST/GEN_SLOTS[0].GEN_STAGE_BRAM_ROM.STAGE_INST/PREADDER_INST/arg_inferred__6/i__carry__1_n_0
    SLICE_X21Y4          CARRY4 (Prop_carry4_CI_CO[3])
                                                      0.114     3.531 r  CHAIN_INST/GEN_SLOTS[0].GEN_STAGE_BRAM_ROM.STAGE_INST/PREADDER_INST/arg_inferred__6/i__carry__2/CO[3]
                         net (fo=1, routed)           0.000     3.531    CHAIN_INST/GEN_SLOTS[0].GEN_STAGE_BRAM_ROM.STAGE_INST/PREADDER_INST/arg_inferred__6/i__carry__2_n_0
    SLICE_X21Y5          CARRY4 (Prop_carry4_CI_O[3])
                                                      0.313     3.844 r  CHAIN_INST/GEN_SLOTS[0].GEN_STAGE_BRAM_ROM.STAGE_INST/PREADDER_INST/arg_inferred__6/i__carry__3/O[3]
                         net (fo=1, routed)           0.817     4.661    CHAIN_INST/GEN_SLOTS[0].GEN_STAGE_BRAM_ROM.STAGE_INST/GEN_FIFOS[0].FIFO_INST/FIFO_INST/GEN_ROT_MULT.rot_word_d_reg[6][im][1]__0[3]
    SLICE_X24Y5          LUT3 (Prop_lut3_I2_O)        0.306     4.967 r  CHAIN_INST/GEN_SLOTS[0].GEN_STAGE_BRAM_ROM.STAGE_INST/GEN_FIFOS[0].FIFO_INST/FIFO_INST/GEN_ROT_MULT.rot_word_d_reg[5][im][1]_srl5_i_1/O
                         net (fo=1, routed)           0.796     5.763    CHAIN_INST/GEN_SLOTS[0].GEN_STAGE_BRAM_ROM.STAGE_INST/rot_word[im][1]
    SLICE_X18Y5          SRL16E                                       r  CHAIN_INST/GEN_SLOTS[0].GEN_STAGE_BRAM_ROM.STAGE_INST/GEN_ROT_MULT.rot_word_d_reg[5][im][1]_srl5/D
  -------------------------------------------------------------------    -------------------

                         (clock sys_clk rise edge)    0.000     0.000 r  
                                                      0.000     0.000 r  i_clk (IN)
                         net (fo=15793, unset)        0.924     0.924    CHAIN_INST/GEN_SLOTS[0].GEN_STAGE_BRAM_ROM.STAGE_INST/i_clk
    SLICE_X18Y5          SRL16E                                       r  CHAIN_INST/GEN_SLOTS[0].GEN_STAGE_BRAM_ROM.STAGE_INST/GEN_ROT_MULT.rot_word_d_reg[5][im][1]_srl5/CLK





Min Delay Paths
--------------------------------------------------------------------------------------
Slack:                    inf
  Source:                 i_reset
                            (input port)
  Destination:            CHAIN_INST/GEN_SLOTS[0].GEN_STAGE_BRAM_ROM.STAGE_INST/GEN_FIFOS[0].FIFO_INST/FIFO_INST/head_v_reg/R
                            (rising edge-triggered cell FDRE clocked by sys_clk  {rise@0.000ns fall@3.800ns period=7.600ns})
  Path Group:             (none)
  Path Type:              Hold (Min at Fast Process Corner)
  Data Path Delay:        0.410ns  (logic 0.000ns (0.000%)  route 0.410ns (100.000%))
  Logic Levels:           0  
  Clock Path Skew:        0.432ns (DCD - SCD - CPR)
    Destination Clock Delay (DCD):    0.432ns
    Source Clock Delay      (SCD):    0.000ns
    Clock Pessimism Removal (CPR):    -0.000ns

    Location             Delay type                Incr(ns)  Path(ns)    Netlist Resource(s)
  -------------------------------------------------------------------    -------------------
                                                      0.000     0.000 r  i_reset (IN)
                         net (fo=1613, unset)         0.410     0.410    CHAIN_INST/GEN_SLOTS[0].GEN_STAGE_BRAM_ROM.STAGE_INST/GEN_FIFOS[0].FIFO_INST/FIFO_INST/i_reset
    SLICE_X35Y1          FDRE                                         r  CHAIN_INST/GEN_SLOTS[0].GEN_STAGE_BRAM_ROM.STAGE_INST/GEN_FIFOS[0].FIFO_INST/FIFO_INST/head_v_reg/R
  -------------------------------------------------------------------    -------------------

                         (clock sys_clk rise edge)    0.000     0.000 r  
                                                      0.000     0.000 r  i_clk (IN)
                         net (fo=15793, unset)        0.432     0.432    CHAIN_INST/GEN_SLOTS[0].GEN_STAGE_BRAM_ROM.STAGE_INST/GEN_FIFOS[0].FIFO_INST/FIFO_INST/i_clk
    SLICE_X35Y1          FDRE                                         r  CHAIN_INST/GEN_SLOTS[0].GEN_STAGE_BRAM_ROM.STAGE_INST/GEN_FIFOS[0].FIFO_INST/FIFO_INST/head_v_reg/C

Slack:                    inf
  Source:                 i_reset
                            (input port)
  Destination:            CHAIN_INST/GEN_SLOTS[0].GEN_STAGE_BRAM_ROM.STAGE_INST/GEN_FIFOS[0].FIFO_INST/FIFO_INST/mem_cnt_reg[0]/R
                            (rising edge-triggered cell FDRE clocked by sys_clk  {rise@0.000ns fall@3.800ns period=7.600ns})
  Path Group:             (none)
  Path Type:              Hold (Min at Fast Process Corner)
  Data Path Delay:        0.410ns  (logic 0.000ns (0.000%)  route 0.410ns (100.000%))
  Logic Levels:           0  
  Clock Path Skew:        0.432ns (DCD - SCD - CPR)
    Destination Clock Delay (DCD):    0.432ns
    Source Clock Delay      (SCD):    0.000ns
    Clock Pessimism Removal (CPR):    -0.000ns

    Location             Delay type                Incr(ns)  Path(ns)    Netlist Resource(s)
  -------------------------------------------------------------------    -------------------
                                                      0.000     0.000 r  i_reset (IN)
                         net (fo=1613, unset)         0.410     0.410    CHAIN_INST/GEN_SLOTS[0].GEN_STAGE_BRAM_ROM.STAGE_INST/GEN_FIFOS[0].FIFO_INST/FIFO_INST/i_reset
    SLICE_X38Y0          FDRE                                         r  CHAIN_INST/GEN_SLOTS[0].GEN_STAGE_BRAM_ROM.STAGE_INST/GEN_FIFOS[0].FIFO_INST/FIFO_INST/mem_cnt_reg[0]/R
  -------------------------------------------------------------------    -------------------

                         (clock sys_clk rise edge)    0.000     0.000 r  
                                                      0.000     0.000 r  i_clk (IN)
                         net (fo=15793, unset)        0.432     0.432    CHAIN_INST/GEN_SLOTS[0].GEN_STAGE_BRAM_ROM.STAGE_INST/GEN_FIFOS[0].FIFO_INST/FIFO_INST/i_clk
    SLICE_X38Y0          FDRE                                         r  CHAIN_INST/GEN_SLOTS[0].GEN_STAGE_BRAM_ROM.STAGE_INST/GEN_FIFOS[0].FIFO_INST/FIFO_INST/mem_cnt_reg[0]/C

Slack:                    inf
  Source:                 i_reset
                            (input port)
  Destination:            CHAIN_INST/GEN_SLOTS[0].GEN_STAGE_BRAM_ROM.STAGE_INST/GEN_FIFOS[0].FIFO_INST/FIFO_INST/mem_cnt_reg[10]/R
                            (rising edge-triggered cell FDRE clocked by sys_clk  {rise@0.000ns fall@3.800ns period=7.600ns})
  Path Group:             (none)
  Path Type:              Hold (Min at Fast Process Corner)
  Data Path Delay:        0.410ns  (logic 0.000ns (0.000%)  route 0.410ns (100.000%))
  Logic Levels:           0  
  Clock Path Skew:        0.432ns (DCD - SCD - CPR)
    Destination Clock Delay (DCD):    0.432ns
    Source Clock Delay      (SCD):    0.000ns
    Clock Pessimism Removal (CPR):    -0.000ns

    Location             Delay type                Incr(ns)  Path(ns)    Netlist Resource(s)
  -------------------------------------------------------------------    -------------------
                                                      0.000     0.000 r  i_reset (IN)
                         net (fo=1613, unset)         0.410     0.410    CHAIN_INST/GEN_SLOTS[0].GEN_STAGE_BRAM_ROM.STAGE_INST/GEN_FIFOS[0].FIFO_INST/FIFO_INST/i_reset
    SLICE_X39Y2          FDRE                                         r  CHAIN_INST/GEN_SLOTS[0].GEN_STAGE_BRAM_ROM.STAGE_INST/GEN_FIFOS[0].FIFO_INST/FIFO_INST/mem_cnt_reg[10]/R
  -------------------------------------------------------------------    -------------------

                         (clock sys_clk rise edge)    0.000     0.000 r  
                                                      0.000     0.000 r  i_clk (IN)
                         net (fo=15793, unset)        0.432     0.432    CHAIN_INST/GEN_SLOTS[0].GEN_STAGE_BRAM_ROM.STAGE_INST/GEN_FIFOS[0].FIFO_INST/FIFO_INST/i_clk
    SLICE_X39Y2          FDRE                                         r  CHAIN_INST/GEN_SLOTS[0].GEN_STAGE_BRAM_ROM.STAGE_INST/GEN_FIFOS[0].FIFO_INST/FIFO_INST/mem_cnt_reg[10]/C

Slack:                    inf
  Source:                 i_reset
                            (input port)
  Destination:            CHAIN_INST/GEN_SLOTS[0].GEN_STAGE_BRAM_ROM.STAGE_INST/GEN_FIFOS[0].FIFO_INST/FIFO_INST/mem_cnt_reg[1]/R
                            (rising edge-triggered cell FDRE clocked by sys_clk  {rise@0.000ns fall@3.800ns period=7.600ns})
  Path Group:             (none)
  Path Type:              Hold (Min at Fast Process Corner)
  Data Path Delay:        0.410ns  (logic 0.000ns (0.000%)  route 0.410ns (100.000%))
  Logic Levels:           0  
  Clock Path Skew:        0.432ns (DCD - SCD - CPR)
    Destination Clock Delay (DCD):    0.432ns
    Source Clock Delay      (SCD):    0.000ns
    Clock Pessimism Removal (CPR):    -0.000ns

    Location             Delay type                Incr(ns)  Path(ns)    Netlist Resource(s)
  -------------------------------------------------------------------    -------------------
                                                      0.000     0.000 r  i_reset (IN)
                         net (fo=1613, unset)         0.410     0.410    CHAIN_INST/GEN_SLOTS[0].GEN_STAGE_BRAM_ROM.STAGE_INST/GEN_FIFOS[0].FIFO_INST/FIFO_INST/i_reset
    SLICE_X39Y0          FDRE                                         r  CHAIN_INST/GEN_SLOTS[0].GEN_STAGE_BRAM_ROM.STAGE_INST/GEN_FIFOS[0].FIFO_INST/FIFO_INST/mem_cnt_reg[1]/R
  -------------------------------------------------------------------    -------------------

                         (clock sys_clk rise edge)    0.000     0.000 r  
                                                      0.000     0.000 r  i_clk (IN)
                         net (fo=15793, unset)        0.432     0.432    CHAIN_INST/GEN_SLOTS[0].GEN_STAGE_BRAM_ROM.STAGE_INST/GEN_FIFOS[0].FIFO_INST/FIFO_INST/i_clk
    SLICE_X39Y0          FDRE                                         r  CHAIN_INST/GEN_SLOTS[0].GEN_STAGE_BRAM_ROM.STAGE_INST/GEN_FIFOS[0].FIFO_INST/FIFO_INST/mem_cnt_reg[1]/C

Slack:                    inf
  Source:                 i_reset
                            (input port)
  Destination:            CHAIN_INST/GEN_SLOTS[0].GEN_STAGE_BRAM_ROM.STAGE_INST/GEN_FIFOS[0].FIFO_INST/FIFO_INST/mem_cnt_reg[2]/R
                            (rising edge-triggered cell FDRE clocked by sys_clk  {rise@0.000ns fall@3.800ns period=7.600ns})
  Path Group:             (none)
  Path Type:              Hold (Min at Fast Process Corner)
  Data Path Delay:        0.410ns  (logic 0.000ns (0.000%)  route 0.410ns (100.000%))
  Logic Levels:           0  
  Clock Path Skew:        0.432ns (DCD - SCD - CPR)
    Destination Clock Delay (DCD):    0.432ns
    Source Clock Delay      (SCD):    0.000ns
    Clock Pessimism Removal (CPR):    -0.000ns

    Location             Delay type                Incr(ns)  Path(ns)    Netlist Resource(s)
  -------------------------------------------------------------------    -------------------
                                                      0.000     0.000 r  i_reset (IN)
                         net (fo=1613, unset)         0.410     0.410    CHAIN_INST/GEN_SLOTS[0].GEN_STAGE_BRAM_ROM.STAGE_INST/GEN_FIFOS[0].FIFO_INST/FIFO_INST/i_reset
    SLICE_X39Y0          FDRE                                         r  CHAIN_INST/GEN_SLOTS[0].GEN_STAGE_BRAM_ROM.STAGE_INST/GEN_FIFOS[0].FIFO_INST/FIFO_INST/mem_cnt_reg[2]/R
  -------------------------------------------------------------------    -------------------

                         (clock sys_clk rise edge)    0.000     0.000 r  
                                                      0.000     0.000 r  i_clk (IN)
                         net (fo=15793, unset)        0.432     0.432    CHAIN_INST/GEN_SLOTS[0].GEN_STAGE_BRAM_ROM.STAGE_INST/GEN_FIFOS[0].FIFO_INST/FIFO_INST/i_clk
    SLICE_X39Y0          FDRE                                         r  CHAIN_INST/GEN_SLOTS[0].GEN_STAGE_BRAM_ROM.STAGE_INST/GEN_FIFOS[0].FIFO_INST/FIFO_INST/mem_cnt_reg[2]/C

Slack:                    inf
  Source:                 i_reset
                            (input port)
  Destination:            CHAIN_INST/GEN_SLOTS[0].GEN_STAGE_BRAM_ROM.STAGE_INST/GEN_FIFOS[0].FIFO_INST/FIFO_INST/mem_cnt_reg[3]/R
                            (rising edge-triggered cell FDRE clocked by sys_clk  {rise@0.000ns fall@3.800ns period=7.600ns})
  Path Group:             (none)
  Path Type:              Hold (Min at Fast Process Corner)
  Data Path Delay:        0.410ns  (logic 0.000ns (0.000%)  route 0.410ns (100.000%))
  Logic Levels:           0  
  Clock Path Skew:        0.432ns (DCD - SCD - CPR)
    Destination Clock Delay (DCD):    0.432ns
    Source Clock Delay      (SCD):    0.000ns
    Clock Pessimism Removal (CPR):    -0.000ns

    Location             Delay type                Incr(ns)  Path(ns)    Netlist Resource(s)
  -------------------------------------------------------------------    -------------------
                                                      0.000     0.000 r  i_reset (IN)
                         net (fo=1613, unset)         0.410     0.410    CHAIN_INST/GEN_SLOTS[0].GEN_STAGE_BRAM_ROM.STAGE_INST/GEN_FIFOS[0].FIFO_INST/FIFO_INST/i_reset
    SLICE_X39Y0          FDRE                                         r  CHAIN_INST/GEN_SLOTS[0].GEN_STAGE_BRAM_ROM.STAGE_INST/GEN_FIFOS[0].FIFO_INST/FIFO_INST/mem_cnt_reg[3]/R
  -------------------------------------------------------------------    -------------------

                         (clock sys_clk rise edge)    0.000     0.000 r  
                                                      0.000     0.000 r  i_clk (IN)
                         net (fo=15793, unset)        0.432     0.432    CHAIN_INST/GEN_SLOTS[0].GEN_STAGE_BRAM_ROM.STAGE_INST/GEN_FIFOS[0].FIFO_INST/FIFO_INST/i_clk
    SLICE_X39Y0          FDRE                                         r  CHAIN_INST/GEN_SLOTS[0].GEN_STAGE_BRAM_ROM.STAGE_INST/GEN_FIFOS[0].FIFO_INST/FIFO_INST/mem_cnt_reg[3]/C

Slack:                    inf
  Source:                 i_reset
                            (input port)
  Destination:            CHAIN_INST/GEN_SLOTS[0].GEN_STAGE_BRAM_ROM.STAGE_INST/GEN_FIFOS[0].FIFO_INST/FIFO_INST/mem_cnt_reg[4]/R
                            (rising edge-triggered cell FDRE clocked by sys_clk  {rise@0.000ns fall@3.800ns period=7.600ns})
  Path Group:             (none)
  Path Type:              Hold (Min at Fast Process Corner)
  Data Path Delay:        0.410ns  (logic 0.000ns (0.000%)  route 0.410ns (100.000%))
  Logic Levels:           0  
  Clock Path Skew:        0.432ns (DCD - SCD - CPR)
    Destination Clock Delay (DCD):    0.432ns
    Source Clock Delay      (SCD):    0.000ns
    Clock Pessimism Removal (CPR):    -0.000ns

    Location             Delay type                Incr(ns)  Path(ns)    Netlist Resource(s)
  -------------------------------------------------------------------    -------------------
                                                      0.000     0.000 r  i_reset (IN)
                         net (fo=1613, unset)         0.410     0.410    CHAIN_INST/GEN_SLOTS[0].GEN_STAGE_BRAM_ROM.STAGE_INST/GEN_FIFOS[0].FIFO_INST/FIFO_INST/i_reset
    SLICE_X39Y0          FDRE                                         r  CHAIN_INST/GEN_SLOTS[0].GEN_STAGE_BRAM_ROM.STAGE_INST/GEN_FIFOS[0].FIFO_INST/FIFO_INST/mem_cnt_reg[4]/R
  -------------------------------------------------------------------    -------------------

                         (clock sys_clk rise edge)    0.000     0.000 r  
                                                      0.000     0.000 r  i_clk (IN)
                         net (fo=15793, unset)        0.432     0.432    CHAIN_INST/GEN_SLOTS[0].GEN_STAGE_BRAM_ROM.STAGE_INST/GEN_FIFOS[0].FIFO_INST/FIFO_INST/i_clk
    SLICE_X39Y0          FDRE                                         r  CHAIN_INST/GEN_SLOTS[0].GEN_STAGE_BRAM_ROM.STAGE_INST/GEN_FIFOS[0].FIFO_INST/FIFO_INST/mem_cnt_reg[4]/C

Slack:                    inf
  Source:                 i_reset
                            (input port)
  Destination:            CHAIN_INST/GEN_SLOTS[0].GEN_STAGE_BRAM_ROM.STAGE_INST/GEN_FIFOS[0].FIFO_INST/FIFO_INST/mem_cnt_reg[5]/R
                            (rising edge-triggered cell FDRE clocked by sys_clk  {rise@0.000ns fall@3.800ns period=7.600ns})
  Path Group:             (none)
  Path Type:              Hold (Min at Fast Process Corner)
  Data Path Delay:        0.410ns  (logic 0.000ns (0.000%)  route 0.410ns (100.000%))
  Logic Levels:           0  
  Clock Path Skew:        0.432ns (DCD - SCD - CPR)
    Destination Clock Delay (DCD):    0.432ns
    Source Clock Delay      (SCD):    0.000ns
    Clock Pessimism Removal (CPR):    -0.000ns

    Location             Delay type                Incr(ns)  Path(ns)    Netlist Resource(s)
  -------------------------------------------------------------------    -------------------
                                                      0.000     0.000 r  i_reset (IN)
                         net (fo=1613, unset)         0.410     0.410    CHAIN_INST/GEN_SLOTS[0].GEN_STAGE_BRAM_ROM.STAGE_INST/GEN_FIFOS[0].FIFO_INST/FIFO_INST/i_reset
    SLICE_X39Y1          FDRE                                         r  CHAIN_INST/GEN_SLOTS[0].GEN_STAGE_BRAM_ROM.STAGE_INST/GEN_FIFOS[0].FIFO_INST/FIFO_INST/mem_cnt_reg[5]/R
  -------------------------------------------------------------------    -------------------

                         (clock sys_clk rise edge)    0.000     0.000 r  
                                                      0.000     0.000 r  i_clk (IN)
                         net (fo=15793, unset)        0.432     0.432    CHAIN_INST/GEN_SLOTS[0].GEN_STAGE_BRAM_ROM.STAGE_INST/GEN_FIFOS[0].FIFO_INST/FIFO_INST/i_clk
    SLICE_X39Y1          FDRE                                         r  CHAIN_INST/GEN_SLOTS[0].GEN_STAGE_BRAM_ROM.STAGE_INST/GEN_FIFOS[0].FIFO_INST/FIFO_INST/mem_cnt_reg[5]/C

Slack:                    inf
  Source:                 i_reset
                            (input port)
  Destination:            CHAIN_INST/GEN_SLOTS[0].GEN_STAGE_BRAM_ROM.STAGE_INST/GEN_FIFOS[0].FIFO_INST/FIFO_INST/mem_cnt_reg[6]/R
                            (rising edge-triggered cell FDRE clocked by sys_clk  {rise@0.000ns fall@3.800ns period=7.600ns})
  Path Group:             (none)
  Path Type:              Hold (Min at Fast Process Corner)
  Data Path Delay:        0.410ns  (logic 0.000ns (0.000%)  route 0.410ns (100.000%))
  Logic Levels:           0  
  Clock Path Skew:        0.432ns (DCD - SCD - CPR)
    Destination Clock Delay (DCD):    0.432ns
    Source Clock Delay      (SCD):    0.000ns
    Clock Pessimism Removal (CPR):    -0.000ns

    Location             Delay type                Incr(ns)  Path(ns)    Netlist Resource(s)
  -------------------------------------------------------------------    -------------------
                                                      0.000     0.000 r  i_reset (IN)
                         net (fo=1613, unset)         0.410     0.410    CHAIN_INST/GEN_SLOTS[0].GEN_STAGE_BRAM_ROM.STAGE_INST/GEN_FIFOS[0].FIFO_INST/FIFO_INST/i_reset
    SLICE_X39Y1          FDRE                                         r  CHAIN_INST/GEN_SLOTS[0].GEN_STAGE_BRAM_ROM.STAGE_INST/GEN_FIFOS[0].FIFO_INST/FIFO_INST/mem_cnt_reg[6]/R
  -------------------------------------------------------------------    -------------------

                         (clock sys_clk rise edge)    0.000     0.000 r  
                                                      0.000     0.000 r  i_clk (IN)
                         net (fo=15793, unset)        0.432     0.432    CHAIN_INST/GEN_SLOTS[0].GEN_STAGE_BRAM_ROM.STAGE_INST/GEN_FIFOS[0].FIFO_INST/FIFO_INST/i_clk
    SLICE_X39Y1          FDRE                                         r  CHAIN_INST/GEN_SLOTS[0].GEN_STAGE_BRAM_ROM.STAGE_INST/GEN_FIFOS[0].FIFO_INST/FIFO_INST/mem_cnt_reg[6]/C

Slack:                    inf
  Source:                 i_reset
                            (input port)
  Destination:            CHAIN_INST/GEN_SLOTS[0].GEN_STAGE_BRAM_ROM.STAGE_INST/GEN_FIFOS[0].FIFO_INST/FIFO_INST/mem_cnt_reg[7]/R
                            (rising edge-triggered cell FDRE clocked by sys_clk  {rise@0.000ns fall@3.800ns period=7.600ns})
  Path Group:             (none)
  Path Type:              Hold (Min at Fast Process Corner)
  Data Path Delay:        0.410ns  (logic 0.000ns (0.000%)  route 0.410ns (100.000%))
  Logic Levels:           0  
  Clock Path Skew:        0.432ns (DCD - SCD - CPR)
    Destination Clock Delay (DCD):    0.432ns
    Source Clock Delay      (SCD):    0.000ns
    Clock Pessimism Removal (CPR):    -0.000ns

    Location             Delay type                Incr(ns)  Path(ns)    Netlist Resource(s)
  -------------------------------------------------------------------    -------------------
                                                      0.000     0.000 r  i_reset (IN)
                         net (fo=1613, unset)         0.410     0.410    CHAIN_INST/GEN_SLOTS[0].GEN_STAGE_BRAM_ROM.STAGE_INST/GEN_FIFOS[0].FIFO_INST/FIFO_INST/i_reset
    SLICE_X39Y1          FDRE                                         r  CHAIN_INST/GEN_SLOTS[0].GEN_STAGE_BRAM_ROM.STAGE_INST/GEN_FIFOS[0].FIFO_INST/FIFO_INST/mem_cnt_reg[7]/R
  -------------------------------------------------------------------    -------------------

                         (clock sys_clk rise edge)    0.000     0.000 r  
                                                      0.000     0.000 r  i_clk (IN)
                         net (fo=15793, unset)        0.432     0.432    CHAIN_INST/GEN_SLOTS[0].GEN_STAGE_BRAM_ROM.STAGE_INST/GEN_FIFOS[0].FIFO_INST/FIFO_INST/i_clk
    SLICE_X39Y1          FDRE                                         r  CHAIN_INST/GEN_SLOTS[0].GEN_STAGE_BRAM_ROM.STAGE_INST/GEN_FIFOS[0].FIFO_INST/FIFO_INST/mem_cnt_reg[7]/C





